Burundi,Ninawa,Mugamba,Al Ayadya%e7LLNpajpID
Burundi,Ninawa,Mugamba,Al Bosaif%ay9g9DNz6Yp
Burundi,Ninawa,Mugamba,Al Jazaer%Fr6wsGwvBzJ
Burundi,Ninawa,Mugamba,Al Karama%otvQkWMvpdg
Burundi,Ninawa,Mugamba,Al Mothana%JYJLSO5K4l3
Burundi,Ninawa,Mugamba,Al Nabi Younis%dK300vUEXvL
Burundi,Ninawa,Mugamba,Al Qawsyat%yuGLXieIfQx
Burundi,Ninawa,Mugamba,Al Rashedia%YMpHuIRF8gv
Burundi,Ninawa,Mugamba,Al Sahaji%OPknqfhDk6G
Burundi,Ninawa,Mugamba,Al Salamya%lHjajmifGbd
Burundi,Ninawa,Mugamba,Al Shora%knCzBh2yifw
Burundi,Ninawa,Mugamba,Al Sokar%OgMTk1PF5Q1
Burundi,Ninawa,Mugamba,Al Zahra%C7yH8G4nll9
Burundi,Ninawa,Mugamba,Al-Abar%iOWEmnyf1Ax
Burundi,Ninawa,Mugamba,Al-Adba%aT88ACwdQ6N
Burundi,Ninawa,Mugamba,Alamel%LXg7DnEDQUo
Burundi,Ninawa,Mugamba,Al-Araby%sMAzREkkd0p
Burundi,Ninawa,Mugamba,Alathba%EOhX5MMxCMt
Burundi,Ninawa,Mugamba,Al-Auraiby%kMwPVZ0TZsx
Burundi,Ninawa,Mugamba,Al-Baaj%lLTlLUcccUy
Burundi,Ninawa,Mugamba,Al-Bakeer%byBgyEvMQSj
Burundi,Ninawa,Mugamba,Al-Dandan%qLHar66R0S2
Burundi,Ninawa,Mugamba,Al-Ekhaa%cFt5NOuqxS8
Burundi,Ninawa,Mugamba,Al-Ektasadeen%nMXOQVsaGhf
Burundi,Ninawa,Mugamba,Al-Entesar%zZxLzBTgIQK
Burundi,Ninawa,Mugamba,Aleslaah%svrRLeYosaX
Burundi,Ninawa,Mugamba,Al-Faroak%c6VKochuXsy
Burundi,Ninawa,Mugamba,Alflah%LlawKa6Q6mN
Burundi,Ninawa,Mugamba,Algosq%uPcRxtCANRh
Burundi,Ninawa,Mugamba,Algzlany%AXGscR7kTca
Burundi,Ninawa,Mugamba,Al-Hadbaa%AKJNxahv56t
Burundi,Ninawa,Mugamba,Alhrmat%Y3muF60k86e
Burundi,Ninawa,Mugamba,Al-Humaidat%Iv6elQdPAhK
Burundi,Ninawa,Mugamba,Aljazeera%daA2BA5s6cC
Burundi,Ninawa,Mugamba,Al-Kadasia%HK6I8YXSIhE
Burundi,Ninawa,Mugamba,Al-Kuba%u5S2xLoDpaQ
Burundi,Ninawa,Mugamba,Al-Ma`Mun%GEEPClKUpr5
Burundi,Ninawa,Mugamba,Al-Maghrab%N2frHvBX7mI
Burundi,Ninawa,Mugamba,Almalayeen%eS0weeelHQi
Burundi,Ninawa,Mugamba,Al-Masarf%XizJahsQVf3
Burundi,Ninawa,Mugamba,Al-Matahen%QV57cSKCiSE
Burundi,Ninawa,Mugamba,Almnsoor%Fd21N0fVLKy
Burundi,Ninawa,Mugamba,Almoaly%sptPzNfPYyZ
Burundi,Ninawa,Mugamba,Almohalabya%gMzvHAT0mSF
Burundi,Ninawa,Mugamba,Almshahda%N7exETgIzmu
Burundi,Ninawa,Mugamba,Al-Mualamin%sHopjRx29bT
Burundi,Ninawa,Mugamba,Almuhandseen%XGSWXSDCueS
Burundi,Ninawa,Mugamba,Alngar%FKy6lM2vH9P
Burundi,Ninawa,Mugamba,Alnuor%A4zNBtencXJ
Burundi,Ninawa,Mugamba,Alobor%FgFmfrNissY
Burundi,Ninawa,Mugamba,Alquds%lt1AHrX4jng
Burundi,Ninawa,Mugamba,Al-Qyaraa%KFm73T99MgB
Burundi,Ninawa,Mugamba,Alresala%PgPVaMYY1cp
Burundi,Ninawa,Mugamba,Al-Rifa`I%vV64WvS9ncd
Burundi,Ninawa,Mugamba,Al-Saaha%cKk2nUHyGex
Burundi,Ninawa,Mugamba,Al-Sahaji%nfX08Gw4SCD
Burundi,Ninawa,Mugamba,Al-Samah%HgNTgD8gpXs
Burundi,Ninawa,Mugamba,Al-Sekak%fUxYAz7CpjX
Burundi,Ninawa,Mugamba,Al-Shefaa%ysjcUa89By8
Burundi,Ninawa,Mugamba,Alshohadaa%s3Dfx2tdfLz
Burundi,Ninawa,Mugamba,Alshykhan%OX3dyjb1chY
Burundi,Ninawa,Mugamba,Alsinaa Alkadema%gIygeDko9ZI
Burundi,Ninawa,Mugamba,Alsmood%cfo0WLBqcS7
Burundi,Ninawa,Mugamba,Al-Tahrer%Rtdo3b2qwxy
Burundi,Ninawa,Mugamba,Al-Taiaran%B7Hf6HcBtfu
Burundi,Ninawa,Mugamba,Altank%D9EKixGBm6v
Burundi,Ninawa,Mugamba,Althoraa%ru1whe8p3Bz
Burundi,Ninawa,Mugamba,Al-Wahdaa%Lc5220NF6US
Burundi,Ninawa,Mugamba,Al-Warshan%Zs20dw9Fo11
Burundi,Ninawa,Mugamba,Alyrmoq%z3dB3Maee18
Burundi,Ninawa,Mugamba,Alzngly%NJiLkaPVNEj
Burundi,Ninawa,Mugamba,Aski Mousl%ITftFwwN1fr
Burundi,Ninawa,Mugamba,Auenat%sg9MZ5k14mU
Burundi,Ninawa,Mugamba,Bab Al-Bead%yvrbY1sFy7n
Burundi,Ninawa,Mugamba,Badush%VVc8aquY6Yu
Burundi,Ninawa,Mugamba,Bartella%iKDzLg8FwNh
Burundi,Ninawa,Mugamba,Basheeka%w4uSErOtBPF
Burundi,Ninawa,Mugamba,Dohok%AwrDuZT6OQx
Burundi,Ninawa,Mugamba,Gogjali%DJP6Fytw9sA
Burundi,Ninawa,Mugamba,Hamaam Alaleel%MbYaM4Emh6M
Burundi,Ninawa,Mugamba,Hawi Al-Kanisa%aLuYxKjmMxL
Burundi,Ninawa,Mugamba,Mugamba Algdida%shJP6igilem
Burundi,Ninawa,Mugamba,Mugamba Al-Kadema%wpiW4AApGsg
Burundi,Ninawa,Mugamba,Msherfa%DkccS2DTLdq
Burundi,Ninawa,Mugamba,Nablus%VGeUBJifSeL
Burundi,Ninawa,Mugamba,Rabeaa%meOAqu5Xxe0
Burundi,Ninawa,Mugamba,Ragm Hadid%X0hGV3zbmw2
Burundi,Ninawa,Mugamba,Sadam%sQuOzRIXxqT
Burundi,Ninawa,Mugamba,Sanjar%v92HVX9ptbb
Burundi,Ninawa,Mugamba,Somer%Sb7CxzyTTXx
Burundi,Ninawa,Mugamba,Sumeel%fAgBu9yWorm
Burundi,Ninawa,Mugamba,Tal Abta%TAmdRClDOou
Burundi,Ninawa,Mugamba,Tal Afer%hGJgRStDLKx
Burundi,Ninawa,Mugamba,Tal Alroman%C8xMgODVDJI
Burundi,Ninawa,Mugamba,Tal Keef%VpfSauMmllX
Burundi,Ninawa,Mugamba,Tal Zalt%d0Ol25IGt3z
Burundi,Ninawa,Mugamba,Tmooz%Rq7OITgRiTK
Burundi,Ninawa,Mugamba,Twim & Mjarin%QqxYtt6LM37
Burundi,Ninawa,Mugamba,Wady Alaen%AOBzfmwi7uA
Burundi,Ninawa,Mugamba,Wady Hagr%AAwyiG28LUS
Burundi,Ninawa,Mugamba,Zakho%LTSNRHJbhfH
Burundi,Ninawa,Mugamba,Zumar%nP7vaffAdl8
Burundi,Ninawa,Akre,
Burundi,Ninawa,Al Ba'aj,
Burundi,Ninawa,Al Hamdaniyah,
Burundi,Ninawa,Al Shikhan,
Burundi,Ninawa,Hatra,
Burundi,Ninawa,Mugamba,
Burundi,Ninawa,Shekhan,
Burundi,Ninawa,Sinjar,
Burundi,Ninawa,Talafar,
Burundi,Ninawa,Tilkef,
Burundi,Al-Anbar,,
Burundi,Al-Basrah,,
Burundi,Al-Muthannia,,
Burundi,Al-Qadisiyah,,
Burundi,An-Najaf,,
Burundi,Arbil,,
Burundi,As-Sulaymaniyah,,
Burundi,At-Ta'mim,,
Burundi,Babil,,
Burundi,Baghdad,,
Burundi,Dhi-Qar,,
Burundi,Dihok,,
Burundi,Diyala,,
Burundi,Karbala',,
Burundi,Maysan,,
Burundi,Sala ad-Din,,
Burundi,Wasit,,