id,name,categ_id/id,type,uom_id/id,uom_po_id/id,purchase_ok,sale_ok,tracking,use_expiration_date,invoice_policy
init.a80e1ed3-9871-44cc-8b54-3da473505ffc,Ababacter 125ml,product.categ_products_drug_orders,product,init.bf712910-1c7f-4e72-9d50-6eb5453efcfd,init.bf712910-1c7f-4e72-9d50-6eb5453efcfd,TRUE,TRUE,By Lots,TRUE,Ordered quantities
init.8e64d9a4-f814-43c9-a8e7-9ffce54f219b,AC Fenac Comprimé 100mg,product.categ_products_drug_orders,product,init.391d2a1b-2aec-4bd7-b43b-e294e7f2b9b9,init.391d2a1b-2aec-4bd7-b43b-e294e7f2b9b9,TRUE,TRUE,By Lots,TRUE,Ordered quantities
init.7fca28e6-2e0c-4a6d-8843-c2649b62e506,Aceclofenac Comprimé 100mg,product.categ_products_drug_orders,product,init.391d2a1b-2aec-4bd7-b43b-e294e7f2b9b9,init.391d2a1b-2aec-4bd7-b43b-e294e7f2b9b9,TRUE,TRUE,By Lots,TRUE,Ordered quantities
init.59b159f1-2d27-4fbc-9a66-811c97859e39,Aceclofenac Comprimé,product.categ_products_drug_orders,product,init.391d2a1b-2aec-4bd7-b43b-e294e7f2b9b9,init.391d2a1b-2aec-4bd7-b43b-e294e7f2b9b9,TRUE,TRUE,By Lots,TRUE,Ordered quantities
init.1b236044-7df7-488c-958d-b83b642a24e7,Acefen Comprimé 100mg,product.categ_products_drug_orders,product,init.391d2a1b-2aec-4bd7-b43b-e294e7f2b9b9,init.391d2a1b-2aec-4bd7-b43b-e294e7f2b9b9,TRUE,TRUE,By Lots,TRUE,Ordered quantities
init.fc8c6bc1-4dc3-406b-92bb-d0d1f34c18eb,Ruban adhésif,product.categ_products_drug_orders,product,init.c4b6c7b7-4906-4f76-af51-60ec9a34932e,init.c4b6c7b7-4906-4f76-af51-60ec9a34932e,TRUE,TRUE,By Lots,TRUE,Ordered quantities
init.181e5888-94c1-466d-b49c-ab38e06d0927,Adrénaline Injection 1mg/ml,product.categ_products_drug_orders,product,init.bf712910-1c7f-4e72-9d50-6eb5453efcfd,init.bf712910-1c7f-4e72-9d50-6eb5453efcfd,TRUE,TRUE,By Lots,TRUE,Ordered quantities
init.aa2cc0d6-2c0e-401b-9d77-f68771061a3d,Aerius Sirop 2.5mg/5ml 60ml,product.categ_products_drug_orders,product,init.bf712910-1c7f-4e72-9d50-6eb5453efcfd,init.bf712910-1c7f-4e72-9d50-6eb5453efcfd,TRUE,TRUE,By Lots,TRUE,Ordered quantities
init.df92def0-857f-4b6e-ae3f-e20ab0cf5298,Aerius Comprimé,product.categ_products_drug_orders,product,init.391d2a1b-2aec-4bd7-b43b-e294e7f2b9b9,init.391d2a1b-2aec-4bd7-b43b-e294e7f2b9b9,TRUE,TRUE,By Lots,TRUE,Ordered quantities
init.0bd56b8a-d8f6-4adf-bd66-d5e28450b715,Albendazole Comprimé 400mg,product.categ_products_drug_orders,product,init.391d2a1b-2aec-4bd7-b43b-e294e7f2b9b9,init.391d2a1b-2aec-4bd7-b43b-e294e7f2b9b9,TRUE,TRUE,By Lots,TRUE,Ordered quantities
init.c6a2b60d-5f85-4431-95c5-8597d8b17dd8,Albendazole Suspension 200mg/5ml 10ml,product.categ_products_drug_orders,product,init.bf712910-1c7f-4e72-9d50-6eb5453efcfd,init.bf712910-1c7f-4e72-9d50-6eb5453efcfd,TRUE,TRUE,By Lots,TRUE,Ordered quantities
init.0449d16a-23d2-4827-923e-5f1c43106153,"Algesal Baume 6,54%/3,46% Tube 40g",product.categ_products_drug_orders,product,init.72262ed3-d3e2-4c94-b4d6-567934107481,init.72262ed3-d3e2-4c94-b4d6-567934107481,TRUE,TRUE,By Lots,TRUE,Ordered quantities
init.e9d0579d-65b5-4214-8dd0-757b2cf76153,"Algesal Suractive 6,54 %/3,46 %/1 % Tube 40g",product.categ_products_drug_orders,product,init.72262ed3-d3e2-4c94-b4d6-567934107481,init.72262ed3-d3e2-4c94-b4d6-567934107481,TRUE,TRUE,By Lots,TRUE,Ordered quantities
init.8a65d9d5-f488-42cc-a46a-f8f4d47a114e,Aminophylline Comprimé 100mg,product.categ_products_drug_orders,product,init.391d2a1b-2aec-4bd7-b43b-e294e7f2b9b9,init.391d2a1b-2aec-4bd7-b43b-e294e7f2b9b9,TRUE,TRUE,By Lots,TRUE,Ordered quantities
init.607e7ab9-15ff-4419-bc14-0d33a12233c4,Aminophylline Injection 250mg/10ml,product.categ_products_drug_orders,product,init.bf712910-1c7f-4e72-9d50-6eb5453efcfd,init.bf712910-1c7f-4e72-9d50-6eb5453efcfd,TRUE,TRUE,By Lots,TRUE,Ordered quantities
init.67900371-599c-42e7-953d-c553d996eaeb,Aminosidine Comprimé 250mg,product.categ_products_drug_orders,product,init.391d2a1b-2aec-4bd7-b43b-e294e7f2b9b9,init.391d2a1b-2aec-4bd7-b43b-e294e7f2b9b9,TRUE,TRUE,By Lots,TRUE,Ordered quantities
init.e3a6020f-5693-464e-941c-0d13e8ab6ed5,Amoxicillin Suspension 125mg/5ml 60ml,product.categ_products_drug_orders,product,init.bf712910-1c7f-4e72-9d50-6eb5453efcfd,init.bf712910-1c7f-4e72-9d50-6eb5453efcfd,TRUE,TRUE,By Lots,TRUE,Ordered quantities
init.072054ee-b1d3-433b-9808-b4a29f482e63,Amoxicillin 125mg/5ml Sirop 60ml,product.categ_products_drug_orders,product,init.bf712910-1c7f-4e72-9d50-6eb5453efcfd,init.bf712910-1c7f-4e72-9d50-6eb5453efcfd,TRUE,TRUE,By Lots,TRUE,Ordered quantities
init.4165a730-89e3-47bb-a3e2-ba523771dce0,Amoxicillin Sirop 250mg/5ml 80ml,product.categ_products_drug_orders,product,init.bf712910-1c7f-4e72-9d50-6eb5453efcfd,init.bf712910-1c7f-4e72-9d50-6eb5453efcfd,TRUE,TRUE,By Lots,TRUE,Ordered quantities
init.25ef1ac8-f926-4ff8-af12-d4317b06f9b7,Amoxicilline Capsule 500mg,product.categ_products_drug_orders,product,init.94b2f0e7-0885-430f-8733-e2a93f03095d,init.94b2f0e7-0885-430f-8733-e2a93f03095d,TRUE,TRUE,By Lots,TRUE,Ordered quantities
init.5a45d516-4cf9-4393-9c41-d659084ca491,Amoxicillin Suspension 250mg/5ml 100ml,product.categ_products_drug_orders,product,init.bf712910-1c7f-4e72-9d50-6eb5453efcfd,init.bf712910-1c7f-4e72-9d50-6eb5453efcfd,TRUE,TRUE,By Lots,TRUE,Ordered quantities
init.da3140b7-0e61-4782-b732-1e73940ffec0,Amoxicillin Suspension 250mg/5ml 60ml,product.categ_products_drug_orders,product,init.bf712910-1c7f-4e72-9d50-6eb5453efcfd,init.bf712910-1c7f-4e72-9d50-6eb5453efcfd,TRUE,TRUE,By Lots,TRUE,Ordered quantities
init.1f0c7f1f-cb74-440d-8ebf-d0b82328cb83,Amoxicillin/Flucloxacillin Suspension 125mg 100ml,product.categ_products_drug_orders,product,init.bf712910-1c7f-4e72-9d50-6eb5453efcfd,init.bf712910-1c7f-4e72-9d50-6eb5453efcfd,TRUE,TRUE,By Lots,TRUE,Ordered quantities
init.ffeaf200-5288-41c6-9754-e0e310d83273,Amoxicillin/Flucloxacillin 250mg Capsule,product.categ_products_drug_orders,product,init.94b2f0e7-0885-430f-8733-e2a93f03095d,init.94b2f0e7-0885-430f-8733-e2a93f03095d,TRUE,TRUE,By Lots,TRUE,Ordered quantities
init.c0b992fd-cc53-4b51-a77f-7908634b5d12,Amoxicillin+Acide Clavulanique 1g/200mg Injection,product.categ_products_drug_orders,product,init.d4c0ebf9-7a3b-42c0-bbf0-2599efbb2965,init.d4c0ebf9-7a3b-42c0-bbf0-2599efbb2965,TRUE,TRUE,By Lots,TRUE,Ordered quantities
init.54f24ddc-2a49-49bf-931e-f437ba1507e1,Amoxicillin+Clavulanic Acid 500/62.5mg Comprimé,product.categ_products_drug_orders,product,init.391d2a1b-2aec-4bd7-b43b-e294e7f2b9b9,init.391d2a1b-2aec-4bd7-b43b-e294e7f2b9b9,TRUE,TRUE,By Lots,TRUE,Ordered quantities
init.f0dd0479-814d-4b0d-aa61-bfdb8f9dc2aa,Ampicilline Injection 1g,product.categ_products_drug_orders,product,init.c2beca4d-0e35-4989-8e9d-54134982bb37,init.c2beca4d-0e35-4989-8e9d-54134982bb37,TRUE,TRUE,By Lots,TRUE,Ordered quantities
init.af2cd1c2-ab22-406a-bf27-c809274880c0,Anginovag Spray 10ml,product.categ_products_drug_orders,product,init.2befd840-e135-4fc9-bb9d-acdcce088f19,init.2befd840-e135-4fc9-bb9d-acdcce088f19,TRUE,TRUE,By Lots,TRUE,Ordered quantities
init.82196c49-9989-4e57-99c1-022e0401b796,Ascoril Sirop 2/4/100/1mg/5ml 100ml,product.categ_products_drug_orders,product,init.bf712910-1c7f-4e72-9d50-6eb5453efcfd,init.bf712910-1c7f-4e72-9d50-6eb5453efcfd,TRUE,TRUE,By Lots,TRUE,Ordered quantities
init.245628ce-af36-40b9-bcef-7555e5b3e627,Astaph Capsule 500mg,product.categ_products_drug_orders,product,init.94b2f0e7-0885-430f-8733-e2a93f03095d,init.94b2f0e7-0885-430f-8733-e2a93f03095d,TRUE,TRUE,By Lots,TRUE,Ordered quantities
init.5d9220a1-65d8-4b6f-be9e-7d373810dafe,Ataktan Comprimé 100mg,product.categ_products_drug_orders,product,init.391d2a1b-2aec-4bd7-b43b-e294e7f2b9b9,init.391d2a1b-2aec-4bd7-b43b-e294e7f2b9b9,TRUE,TRUE,By Lots,TRUE,Ordered quantities
init.79eb9372-bf42-4150-a91c-d6e82b1a97a0,Atarax Comprimé 100mg,product.categ_products_drug_orders,product,init.391d2a1b-2aec-4bd7-b43b-e294e7f2b9b9,init.391d2a1b-2aec-4bd7-b43b-e294e7f2b9b9,TRUE,TRUE,By Lots,TRUE,Ordered quantities
init.e012215b-6498-42c5-b70b-59d7efd2e61f,Atarax Comprimé 25mg,product.categ_products_drug_orders,product,init.391d2a1b-2aec-4bd7-b43b-e294e7f2b9b9,init.391d2a1b-2aec-4bd7-b43b-e294e7f2b9b9,TRUE,TRUE,By Lots,TRUE,Ordered quantities
init.29349546-a004-43b0-a20c-6f23748481ac,Atarax Comprimé 50mg,product.categ_products_drug_orders,product,init.391d2a1b-2aec-4bd7-b43b-e294e7f2b9b9,init.391d2a1b-2aec-4bd7-b43b-e294e7f2b9b9,TRUE,TRUE,By Lots,TRUE,Ordered quantities
init.b0530ffb-abff-4a93-9455-38a6e40e0a94,Azithromycin Capsule 500mg,product.categ_products_drug_orders,product,init.94b2f0e7-0885-430f-8733-e2a93f03095d,init.94b2f0e7-0885-430f-8733-e2a93f03095d,TRUE,TRUE,By Lots,TRUE,Ordered quantities
init.a1113e6c-13c4-4fe0-ae01-9ffe57805805,Azithromycine Suspension 200mg/5ml 15ml,product.categ_products_drug_orders,product,init.bf712910-1c7f-4e72-9d50-6eb5453efcfd,init.bf712910-1c7f-4e72-9d50-6eb5453efcfd,TRUE,TRUE,By Lots,TRUE,Ordered quantities
init.f74820f2-ed9d-461f-8f68-9cf173637121,Bande Ombilicale Somos BB 6cmx2m,product.categ_products_drug_orders,product,init.c4b6c7b7-4906-4f76-af51-60ec9a34932e,init.c4b6c7b7-4906-4f76-af51-60ec9a34932e,TRUE,TRUE,By Lots,TRUE,Ordered quantities
init.fc31500c-117d-4d85-bad3-b7e2214ecb3b,Bande Velpeau 15cmx4m,product.categ_products_drug_orders,product,init.c4b6c7b7-4906-4f76-af51-60ec9a34932e,init.c4b6c7b7-4906-4f76-af51-60ec9a34932e,TRUE,TRUE,By Lots,TRUE,Ordered quantities
init.67920b61-0852-42ff-80d5-3aea13dc2a41,Benzyl Benzoate Solution 0.25% 100ml,product.categ_products_drug_orders,product,init.bf712910-1c7f-4e72-9d50-6eb5453efcfd,init.bf712910-1c7f-4e72-9d50-6eb5453efcfd,TRUE,TRUE,By Lots,TRUE,Ordered quantities
init.4246fe2c-6214-4095-b588-380471d62068,Betrozole Comprimé 10mg,product.categ_products_drug_orders,product,init.391d2a1b-2aec-4bd7-b43b-e294e7f2b9b9,init.391d2a1b-2aec-4bd7-b43b-e294e7f2b9b9,TRUE,TRUE,By Lots,TRUE,Ordered quantities
init.f275b7ef-42cd-4be8-8269-05ed96ace01e,Betrozole Comprimé 30mg,product.categ_products_drug_orders,product,init.391d2a1b-2aec-4bd7-b43b-e294e7f2b9b9,init.391d2a1b-2aec-4bd7-b43b-e294e7f2b9b9,TRUE,TRUE,By Lots,TRUE,Ordered quantities
init.4780febd-a516-424a-b5a6-8477482261f7,Betrozole Spray 100ml,product.categ_products_drug_orders,product,init.2befd840-e135-4fc9-bb9d-acdcce088f19,init.2befd840-e135-4fc9-bb9d-acdcce088f19,TRUE,TRUE,By Lots,TRUE,Ordered quantities
init.eac394c4-9c20-4620-86fc-73c5fac60b2c,Bi-Profenid LP Comprimé 100mg,product.categ_products_drug_orders,product,init.391d2a1b-2aec-4bd7-b43b-e294e7f2b9b9,init.391d2a1b-2aec-4bd7-b43b-e294e7f2b9b9,TRUE,TRUE,By Lots,TRUE,Ordered quantities
init.997b1d6c-8fac-4d10-b190-1fd81da07ef4,Bistouri,product.categ_products_drug_orders,product,init.c4b6c7b7-4906-4f76-af51-60ec9a34932e,init.c4b6c7b7-4906-4f76-af51-60ec9a34932e,TRUE,TRUE,By Lots,TRUE,Ordered quantities
init.362e76bc-bb0e-4fc8-9b14-6938e04fbd4a,Bromhexine Sirop 4mg/5ml 100ml,product.categ_products_drug_orders,product,init.bf712910-1c7f-4e72-9d50-6eb5453efcfd,init.bf712910-1c7f-4e72-9d50-6eb5453efcfd,TRUE,TRUE,By Lots,TRUE,Ordered quantities
init.cb3f13b3-4c69-4462-b3b9-07690ae7ce86,Bronchathiol Sirop 0.05% 150ml,product.categ_products_drug_orders,product,init.bf712910-1c7f-4e72-9d50-6eb5453efcfd,init.bf712910-1c7f-4e72-9d50-6eb5453efcfd,TRUE,TRUE,By Lots,TRUE,Ordered quantities
init.07abede2-40db-48fd-9e5e-5303bde643b6,Brufen Comprimé 400mg,product.categ_products_drug_orders,product,init.391d2a1b-2aec-4bd7-b43b-e294e7f2b9b9,init.391d2a1b-2aec-4bd7-b43b-e294e7f2b9b9,TRUE,TRUE,By Lots,TRUE,Ordered quantities
init.f094ec32-bd7d-4b0a-958b-73106ecccd6e,Comprimé de Calcium + Vitamine D3,product.categ_products_drug_orders,product,init.391d2a1b-2aec-4bd7-b43b-e294e7f2b9b9,init.391d2a1b-2aec-4bd7-b43b-e294e7f2b9b9,TRUE,TRUE,By Lots,TRUE,Ordered quantities
init.b3d086dc-2bdd-4fad-b0b3-c58e96beb123,Calcium Comprimé 500mg,product.categ_products_drug_orders,product,init.391d2a1b-2aec-4bd7-b43b-e294e7f2b9b9,init.391d2a1b-2aec-4bd7-b43b-e294e7f2b9b9,TRUE,TRUE,By Lots,TRUE,Ordered quantities
init.786bee02-faf2-4041-9601-9f3a8b975651,Candid V3 Comprimé vaginal 200mg,product.categ_products_drug_orders,product,init.391d2a1b-2aec-4bd7-b43b-e294e7f2b9b9,init.391d2a1b-2aec-4bd7-b43b-e294e7f2b9b9,TRUE,TRUE,By Lots,TRUE,Ordered quantities
init.5280a8e6-13d2-4ff9-a68d-69fd64d287ad,Candid V6 Comprimé vaginal 100mg,product.categ_products_drug_orders,product,init.391d2a1b-2aec-4bd7-b43b-e294e7f2b9b9,init.391d2a1b-2aec-4bd7-b43b-e294e7f2b9b9,TRUE,TRUE,By Lots,TRUE,Ordered quantities
init.f493d452-7b05-4934-ae81-835a1ce5c104,Candiderm Crème 15g,product.categ_products_drug_orders,product,init.72262ed3-d3e2-4c94-b4d6-567934107481,init.72262ed3-d3e2-4c94-b4d6-567934107481,TRUE,TRUE,By Lots,TRUE,Ordered quantities
init.0ff4bd85-b243-472d-a35b-13e33fc62219,Captopril Comprimé 25mg,product.categ_products_drug_orders,product,init.391d2a1b-2aec-4bd7-b43b-e294e7f2b9b9,init.391d2a1b-2aec-4bd7-b43b-e294e7f2b9b9,TRUE,TRUE,By Lots,TRUE,Ordered quantities
init.e0e99b84-e4e0-4e02-aea0-3cb4b8410c99,Carbamazepine Comprimé 400mg,product.categ_products_drug_orders,product,init.391d2a1b-2aec-4bd7-b43b-e294e7f2b9b9,init.391d2a1b-2aec-4bd7-b43b-e294e7f2b9b9,TRUE,TRUE,By Lots,TRUE,Ordered quantities
init.8dadaa53-bc90-4b0e-8967-a850599c7f37,Carbasol Gouttes Oculaires 0.5% 10ml,product.categ_products_drug_orders,product,init.11ae7979-7bb6-49c7-9715-9adacc1b4005,init.11ae7979-7bb6-49c7-9715-9adacc1b4005,TRUE,TRUE,By Lots,TRUE,Ordered quantities
init.6fd05b9d-3a0e-4cf0-91c8-aa94dbbdac10,Cardiurine Comprimé 50mg/25mg,product.categ_products_drug_orders,product,init.391d2a1b-2aec-4bd7-b43b-e294e7f2b9b9,init.391d2a1b-2aec-4bd7-b43b-e294e7f2b9b9,TRUE,TRUE,By Lots,TRUE,Ordered quantities
init.87ab3604-95f3-47fd-9c2e-c12bb64c4b77,"Catapressan Injection 0,15mg/ml",product.categ_products_drug_orders,product,init.bf712910-1c7f-4e72-9d50-6eb5453efcfd,init.bf712910-1c7f-4e72-9d50-6eb5453efcfd,TRUE,TRUE,By Lots,TRUE,Ordered quantities
init.ca317da9-d60c-4c99-84be-ce8bf9c9e4a0,Cathéter G18,product.categ_products_drug_orders,product,init.c4b6c7b7-4906-4f76-af51-60ec9a34932e,init.c4b6c7b7-4906-4f76-af51-60ec9a34932e,TRUE,TRUE,By Lots,TRUE,Ordered quantities
init.5cbd3265-647a-405d-b604-3f01abac28ae,Cathéter G24,product.categ_products_drug_orders,product,init.c4b6c7b7-4906-4f76-af51-60ec9a34932e,init.c4b6c7b7-4906-4f76-af51-60ec9a34932e,TRUE,TRUE,By Lots,TRUE,Ordered quantities
init.15a8e9d8-bf44-4e33-b3bc-f112d387998c,Cefixime Comprimé 200mg,product.categ_products_drug_orders,product,init.391d2a1b-2aec-4bd7-b43b-e294e7f2b9b9,init.391d2a1b-2aec-4bd7-b43b-e294e7f2b9b9,TRUE,TRUE,By Lots,TRUE,Ordered quantities
init.789f3f90-5529-409d-b6aa-3841c823f3d9,Cefotaxime 1g Injection,product.categ_products_drug_orders,product,init.c2beca4d-0e35-4989-8e9d-54134982bb37,init.c2beca4d-0e35-4989-8e9d-54134982bb37,TRUE,TRUE,By Lots,TRUE,Ordered quantities
init.9f5ffce1-a0cd-421b-b3bf-9e3c156fc9ff,"Celestene Comprimé 0,5mg",product.categ_products_drug_orders,product,init.391d2a1b-2aec-4bd7-b43b-e294e7f2b9b9,init.391d2a1b-2aec-4bd7-b43b-e294e7f2b9b9,TRUE,TRUE,By Lots,TRUE,Ordered quantities
init.abeef200-a906-4528-b2b3-2186f0d5a172,"Celestene Gouttes 0,05%",product.categ_products_drug_orders,product,init.11ae7979-7bb6-49c7-9715-9adacc1b4005,init.11ae7979-7bb6-49c7-9715-9adacc1b4005,TRUE,TRUE,By Lots,TRUE,Ordered quantities
init.ff13deda-4ca8-4393-99d3-c785568ad0c1,"Celestene Gouttes 0,05% 30ml",product.categ_products_drug_orders,product,init.11ae7979-7bb6-49c7-9715-9adacc1b4005,init.11ae7979-7bb6-49c7-9715-9adacc1b4005,TRUE,TRUE,By Lots,TRUE,Ordered quantities
init.225ebc52-bdd7-471b-a61c-9a71f1c36cab,Centacid Suspension 250/200/40mg/5ml 170ml,product.categ_products_drug_orders,product,init.bf712910-1c7f-4e72-9d50-6eb5453efcfd,init.bf712910-1c7f-4e72-9d50-6eb5453efcfd,TRUE,TRUE,By Lots,TRUE,Ordered quantities
init.1d67cc95-d786-435c-b974-201d2d3a5736,Cetirizine Comprimé 10mg,product.categ_products_drug_orders,product,init.391d2a1b-2aec-4bd7-b43b-e294e7f2b9b9,init.391d2a1b-2aec-4bd7-b43b-e294e7f2b9b9,TRUE,TRUE,By Lots,TRUE,Ordered quantities
init.6ccb5987-3bea-41c6-9376-e5f9f02de369,Cetirizine Gouttes Orales 10mg/ml 60ml,product.categ_products_drug_orders,product,init.11ae7979-7bb6-49c7-9715-9adacc1b4005,init.11ae7979-7bb6-49c7-9715-9adacc1b4005,TRUE,TRUE,By Lots,TRUE,Ordered quantities
init.a6ce707b-e64c-4945-a8fb-1a62741c00c0,Chloramphenicol Gouttes Oculaires 0.5% 10ml,product.categ_products_drug_orders,product,init.11ae7979-7bb6-49c7-9715-9adacc1b4005,init.11ae7979-7bb6-49c7-9715-9adacc1b4005,TRUE,TRUE,By Lots,TRUE,Ordered quantities
init.2331b3f7-e97f-41b6-99f5-d29a16d2d230,Chloramphenicol Suspension 125mg/5ml 60ml,product.categ_products_drug_orders,product,init.bf712910-1c7f-4e72-9d50-6eb5453efcfd,init.bf712910-1c7f-4e72-9d50-6eb5453efcfd,TRUE,TRUE,By Lots,TRUE,Ordered quantities
init.27449fec-cce8-40c1-8b10-17324e40e186,Chlorpheniramine Comprime 4mg,product.categ_products_drug_orders,product,init.391d2a1b-2aec-4bd7-b43b-e294e7f2b9b9,init.391d2a1b-2aec-4bd7-b43b-e294e7f2b9b9,TRUE,TRUE,By Lots,TRUE,Ordered quantities
init.f38172a5-e63b-4edd-82f8-171d48ca20d8,Chlorpheniramine Sirop 2mg/5ml 100ml,product.categ_products_drug_orders,product,init.bf712910-1c7f-4e72-9d50-6eb5453efcfd,init.bf712910-1c7f-4e72-9d50-6eb5453efcfd,TRUE,TRUE,By Lots,TRUE,Ordered quantities
init.4b409061-15d6-4090-ac47-3c53aa73a618,Cimetidine Injection 200mg/2ml,product.categ_products_drug_orders,product,init.bf712910-1c7f-4e72-9d50-6eb5453efcfd,init.bf712910-1c7f-4e72-9d50-6eb5453efcfd,TRUE,TRUE,By Lots,TRUE,Ordered quantities
init.1465c189-a180-45aa-baef-92e784200d65,Ciprofloxacine Comprimé 250mg,product.categ_products_drug_orders,product,init.391d2a1b-2aec-4bd7-b43b-e294e7f2b9b9,init.391d2a1b-2aec-4bd7-b43b-e294e7f2b9b9,TRUE,TRUE,By Lots,TRUE,Ordered quantities
init.e9788815-ab35-4ba0-83a9-8532c14c70c3,Ciprofloxacin Comprimé 500mg,product.categ_products_drug_orders,product,init.391d2a1b-2aec-4bd7-b43b-e294e7f2b9b9,init.391d2a1b-2aec-4bd7-b43b-e294e7f2b9b9,TRUE,TRUE,By Lots,TRUE,Ordered quantities
init.ae77f97b-8ef9-4d15-a149-a16eb15a129d,"Ciprofloxacin Collyre 0,3% 5ml",product.categ_products_drug_orders,product,init.11ae7979-7bb6-49c7-9715-9adacc1b4005,init.11ae7979-7bb6-49c7-9715-9adacc1b4005,TRUE,TRUE,By Lots,TRUE,Ordered quantities
init.3451c850-6fad-486c-814c-0ca6adf31095,Ciprofloxacin Injection 200mg/100ml,product.categ_products_drug_orders,product,init.bf712910-1c7f-4e72-9d50-6eb5453efcfd,init.bf712910-1c7f-4e72-9d50-6eb5453efcfd,TRUE,TRUE,By Lots,TRUE,Ordered quantities
init.7f925417-9ba1-47be-bd0d-d2b7d74b59e7,Clarithromycin Comprimé 500mg,product.categ_products_drug_orders,product,init.391d2a1b-2aec-4bd7-b43b-e294e7f2b9b9,init.391d2a1b-2aec-4bd7-b43b-e294e7f2b9b9,TRUE,TRUE,By Lots,TRUE,Ordered quantities
init.e818c162-80be-4e94-9fae-d40b06e3320a,Clavox Comprimé 500/125mg,product.categ_products_drug_orders,product,init.391d2a1b-2aec-4bd7-b43b-e294e7f2b9b9,init.391d2a1b-2aec-4bd7-b43b-e294e7f2b9b9,TRUE,TRUE,By Lots,TRUE,Ordered quantities
init.ec04e363-90df-4c57-ae28-1eec17516458,Clavox Suspension 200/28mg/5ml 70ml,product.categ_products_drug_orders,product,init.bf712910-1c7f-4e72-9d50-6eb5453efcfd,init.bf712910-1c7f-4e72-9d50-6eb5453efcfd,TRUE,TRUE,By Lots,TRUE,Ordered quantities
init.c21ebc1c-52a9-43e6-8033-125e25ce6d1d,Clofains Comprimé 500mg/50mg,product.categ_products_drug_orders,product,init.391d2a1b-2aec-4bd7-b43b-e294e7f2b9b9,init.391d2a1b-2aec-4bd7-b43b-e294e7f2b9b9,TRUE,TRUE,By Lots,TRUE,Ordered quantities
init.7e5698a1-a926-4a2f-ab28-47c413c5a4b8,Clonidine Injection,product.categ_products_drug_orders,product,init.bf712910-1c7f-4e72-9d50-6eb5453efcfd,init.bf712910-1c7f-4e72-9d50-6eb5453efcfd,TRUE,TRUE,By Lots,TRUE,Ordered quantities
init.0bd2f601-2b2f-4aa3-907c-e80f2ee7e7f3,Cloxacillin Capsule 500mg,product.categ_products_drug_orders,product,init.94b2f0e7-0885-430f-8733-e2a93f03095d,init.94b2f0e7-0885-430f-8733-e2a93f03095d,TRUE,TRUE,By Lots,TRUE,Ordered quantities
init.5b49f421-fdc2-4ff8-b688-6cf912c34236,Cloxacillin Gel,product.categ_products_drug_orders,product,init.72262ed3-d3e2-4c94-b4d6-567934107481,init.72262ed3-d3e2-4c94-b4d6-567934107481,TRUE,TRUE,By Lots,TRUE,Ordered quantities
init.688b604b-ee59-4486-883e-3b3ba4622609,Cloxacillin Suspension 125mg/5ml 100ml,product.categ_products_drug_orders,product,init.bf712910-1c7f-4e72-9d50-6eb5453efcfd,init.bf712910-1c7f-4e72-9d50-6eb5453efcfd,TRUE,TRUE,By Lots,TRUE,Ordered quantities
init.331aa9d0-83cb-4206-a49e-f20bd09f4566,Cloxacillin Suspension 250mg/5ml 100ml,product.categ_products_drug_orders,product,init.bf712910-1c7f-4e72-9d50-6eb5453efcfd,init.bf712910-1c7f-4e72-9d50-6eb5453efcfd,TRUE,TRUE,By Lots,TRUE,Ordered quantities
init.c28f96f7-2ea1-4602-9b4d-06f5bd60cbc3,Compresses Abdominales,product.categ_products_drug_orders,product,init.c4b6c7b7-4906-4f76-af51-60ec9a34932e,init.c4b6c7b7-4906-4f76-af51-60ec9a34932e,TRUE,TRUE,By Lots,TRUE,Ordered quantities
init.20d8a871-cf46-4a01-b996-f0a93d77fda5,Compresses Simples,product.categ_products_drug_orders,product,init.c4b6c7b7-4906-4f76-af51-60ec9a34932e,init.c4b6c7b7-4906-4f76-af51-60ec9a34932e,TRUE,TRUE,By Lots,TRUE,Ordered quantities
init.4aae662c-bed8-4072-aad3-fd4678d44adb,Compresses stériles 10cm x 10cm,product.categ_products_drug_orders,product,init.c4b6c7b7-4906-4f76-af51-60ec9a34932e,init.c4b6c7b7-4906-4f76-af51-60ec9a34932e,TRUE,TRUE,By Lots,TRUE,Ordered quantities
init.2095ce6c-68a1-48a7-809e-a2e211d7b5dc,Contam Suspension 250mg/ml 60ml,product.categ_products_drug_orders,product,init.bf712910-1c7f-4e72-9d50-6eb5453efcfd,init.bf712910-1c7f-4e72-9d50-6eb5453efcfd,TRUE,TRUE,By Lots,TRUE,Ordered quantities
init.b0e044fb-8a54-4d16-9fc3-502c11b22c2c,Cotrimoxazole Comprimé 80/400mg,product.categ_products_drug_orders,product,init.391d2a1b-2aec-4bd7-b43b-e294e7f2b9b9,init.391d2a1b-2aec-4bd7-b43b-e294e7f2b9b9,TRUE,TRUE,By Lots,TRUE,Ordered quantities
init.383d0826-bb4e-41a1-b69c-54330c7fd8f6,Cotrimoxazole Suspension 200/40mg/5ml 60ml,product.categ_products_drug_orders,product,init.bf712910-1c7f-4e72-9d50-6eb5453efcfd,init.bf712910-1c7f-4e72-9d50-6eb5453efcfd,TRUE,TRUE,By Lots,TRUE,Ordered quantities
init.ebaca3cf-8c36-48a5-8456-737906180e78,Cotrimoxazole Suspension 240mg/5ml 100ml,product.categ_products_drug_orders,product,init.bf712910-1c7f-4e72-9d50-6eb5453efcfd,init.bf712910-1c7f-4e72-9d50-6eb5453efcfd,TRUE,TRUE,By Lots,TRUE,Ordered quantities
init.0d69879e-1b29-4286-816d-024a63180d57,Cotrimoxazole Comprimé,product.categ_products_drug_orders,product,init.391d2a1b-2aec-4bd7-b43b-e294e7f2b9b9,init.391d2a1b-2aec-4bd7-b43b-e294e7f2b9b9,TRUE,TRUE,By Lots,TRUE,Ordered quantities
init.10436c22-3dbd-4ab5-95ce-85ad665e2ef6,Cromsol Gouttes Oculaires 0.02% 5ml,product.categ_products_drug_orders,product,init.11ae7979-7bb6-49c7-9715-9adacc1b4005,init.11ae7979-7bb6-49c7-9715-9adacc1b4005,TRUE,TRUE,By Lots,TRUE,Ordered quantities
init.d8c00222-7d85-465a-89bf-38108d4b449e,Cromulline Collyre 0.02% 5ml,product.categ_products_drug_orders,product,init.11ae7979-7bb6-49c7-9715-9adacc1b4005,init.11ae7979-7bb6-49c7-9715-9adacc1b4005,TRUE,TRUE,By Lots,TRUE,Ordered quantities
init.91f37030-c050-4964-a3d7-051763090bf2,Dafrazol Capsule 20mg,product.categ_products_drug_orders,product,init.94b2f0e7-0885-430f-8733-e2a93f03095d,init.94b2f0e7-0885-430f-8733-e2a93f03095d,TRUE,TRUE,By Lots,TRUE,Ordered quantities
init.d944eca7-47fa-4ab6-af61-361101b7b41b,Décontractyl 10%/1% Tube 80g,product.categ_products_drug_orders,product,init.72262ed3-d3e2-4c94-b4d6-567934107481,init.72262ed3-d3e2-4c94-b4d6-567934107481,TRUE,TRUE,By Lots,TRUE,Ordered quantities
init.3a14b13c-0eae-4e18-b55e-02ae4b9226f7,Depakine Comprimé 200mg,product.categ_products_drug_orders,product,init.391d2a1b-2aec-4bd7-b43b-e294e7f2b9b9,init.391d2a1b-2aec-4bd7-b43b-e294e7f2b9b9,TRUE,TRUE,By Lots,TRUE,Ordered quantities
init.da50d14b-6d8a-43ca-ae82-dfe43dcb1fdd,Depakine Sirop 200mg/5ml 150ml,product.categ_products_drug_orders,product,init.bf712910-1c7f-4e72-9d50-6eb5453efcfd,init.bf712910-1c7f-4e72-9d50-6eb5453efcfd,TRUE,TRUE,By Lots,TRUE,Ordered quantities
init.e860bbcf-6da7-403d-9482-0437d8fcf03b,"Dermobacter Solution 0,2 %/0,5 % 300 ml",product.categ_products_drug_orders,product,init.bf712910-1c7f-4e72-9d50-6eb5453efcfd,init.bf712910-1c7f-4e72-9d50-6eb5453efcfd,TRUE,TRUE,By Lots,TRUE,Ordered quantities
init.247e9df9-0bda-4a65-bced-50b7ae88ee57,"Dermofix Crème 0,02 % 20g",product.categ_products_drug_orders,product,init.72262ed3-d3e2-4c94-b4d6-567934107481,init.72262ed3-d3e2-4c94-b4d6-567934107481,TRUE,TRUE,By Lots,TRUE,Ordered quantities
init.127fa80c-ff57-48d8-b643-869217524ced,Desloratadine Comprimé 5mg,product.categ_products_drug_orders,product,init.391d2a1b-2aec-4bd7-b43b-e294e7f2b9b9,init.391d2a1b-2aec-4bd7-b43b-e294e7f2b9b9,TRUE,TRUE,By Lots,TRUE,Ordered quantities
init.a7509e1d-cf0d-4563-91e7-ed80f49cb8d8,Deslova Comprimé 5mg,product.categ_products_drug_orders,product,init.391d2a1b-2aec-4bd7-b43b-e294e7f2b9b9,init.391d2a1b-2aec-4bd7-b43b-e294e7f2b9b9,TRUE,TRUE,By Lots,TRUE,Ordered quantities
init.822e3388-e013-4efe-b452-fdeadfa09ff0,Deslova Sirop 2.5mg/5ml 60ml,product.categ_products_drug_orders,product,init.bf712910-1c7f-4e72-9d50-6eb5453efcfd,init.bf712910-1c7f-4e72-9d50-6eb5453efcfd,TRUE,TRUE,By Lots,TRUE,Ordered quantities
init.d81c8720-4c1d-4f1e-84d2-f5052d5b754b,Dexamethasone Comprimé 5mg,product.categ_products_drug_orders,product,init.391d2a1b-2aec-4bd7-b43b-e294e7f2b9b9,init.391d2a1b-2aec-4bd7-b43b-e294e7f2b9b9,TRUE,TRUE,By Lots,TRUE,Ordered quantities
init.ac7c10ed-19e1-4784-9a95-cb2f9ea71d8a,Dexaméthasone Injection 4mg,product.categ_products_drug_orders,product,init.d4c0ebf9-7a3b-42c0-bbf0-2599efbb2965,init.d4c0ebf9-7a3b-42c0-bbf0-2599efbb2965,TRUE,TRUE,By Lots,TRUE,Ordered quantities
init.0b128957-066a-4cab-9a9e-c896a700f947,Diagone Kit,product.categ_products_drug_orders,product,init.391d2a1b-2aec-4bd7-b43b-e294e7f2b9b9,init.391d2a1b-2aec-4bd7-b43b-e294e7f2b9b9,TRUE,TRUE,By Lots,TRUE,Ordered quantities
init.f0a5cc76-ab82-4249-8090-1dc5ec5a1552,Diagone Kit 20mg+SRO,product.categ_products_drug_orders,product,init.391d2a1b-2aec-4bd7-b43b-e294e7f2b9b9,init.391d2a1b-2aec-4bd7-b43b-e294e7f2b9b9,TRUE,TRUE,By Lots,TRUE,Ordered quantities
init.58000c77-00ec-408f-883b-0c0412c54bb6,Diazepam Comprimé 5mg,product.categ_products_drug_orders,product,init.391d2a1b-2aec-4bd7-b43b-e294e7f2b9b9,init.391d2a1b-2aec-4bd7-b43b-e294e7f2b9b9,TRUE,TRUE,By Lots,TRUE,Ordered quantities
init.2e6e25dc-fb0a-402a-af74-367155459690,Diazepam Injection 10mg/2ml,product.categ_products_drug_orders,product,init.bf712910-1c7f-4e72-9d50-6eb5453efcfd,init.bf712910-1c7f-4e72-9d50-6eb5453efcfd,TRUE,TRUE,By Lots,TRUE,Ordered quantities
init.728b1639-8d38-44ca-b3e8-ba33eb09631e,Diclofenac Comprimé 100mg,product.categ_products_drug_orders,product,init.391d2a1b-2aec-4bd7-b43b-e294e7f2b9b9,init.391d2a1b-2aec-4bd7-b43b-e294e7f2b9b9,TRUE,TRUE,By Lots,TRUE,Ordered quantities
init.f3dbf825-a129-4354-a5d3-905d2eea6c45,Diclofenac Injection 75mg/3ml,product.categ_products_drug_orders,product,init.bf712910-1c7f-4e72-9d50-6eb5453efcfd,init.bf712910-1c7f-4e72-9d50-6eb5453efcfd,TRUE,TRUE,By Lots,TRUE,Ordered quantities
init.afec8e63-860d-48dd-b143-55fc21bd1967,"Diclofenac Pommade 0,01% 30g",product.categ_products_drug_orders,product,init.72262ed3-d3e2-4c94-b4d6-567934107481,init.72262ed3-d3e2-4c94-b4d6-567934107481,TRUE,TRUE,By Lots,TRUE,Ordered quantities
init.596e6322-20d8-487d-8416-f0fe67d8386f,Diclofenac Pommade 20g,product.categ_products_drug_orders,product,init.72262ed3-d3e2-4c94-b4d6-567934107481,init.72262ed3-d3e2-4c94-b4d6-567934107481,TRUE,TRUE,By Lots,TRUE,Ordered quantities
init.ee7f0744-9fcc-47d1-99b2-8b97860c6b79,Diclofenac Retard Comprimé 100mg,product.categ_products_drug_orders,product,init.391d2a1b-2aec-4bd7-b43b-e294e7f2b9b9,init.391d2a1b-2aec-4bd7-b43b-e294e7f2b9b9,TRUE,TRUE,By Lots,TRUE,Ordered quantities
init.8dc8e0e7-ab74-42e2-8f8c-c9bae00333eb,Diclofenac Suppositoire 100mg,product.categ_products_drug_orders,product,init.bbe6f178-8adf-401c-89e4-ca8e0ccc378a,init.bbe6f178-8adf-401c-89e4-ca8e0ccc378a,TRUE,TRUE,By Lots,TRUE,Ordered quantities
init.22aba2e5-e91b-4934-ba83-c5f594fc326a,Dicynone Comprimé 500mg,product.categ_products_drug_orders,product,init.391d2a1b-2aec-4bd7-b43b-e294e7f2b9b9,init.391d2a1b-2aec-4bd7-b43b-e294e7f2b9b9,TRUE,TRUE,By Lots,TRUE,Ordered quantities
init.bf999713-eba2-416a-a9f4-c3bc7ba0d6ff,Dicynone Injection 250mg/2ml,product.categ_products_drug_orders,product,init.bf712910-1c7f-4e72-9d50-6eb5453efcfd,init.bf712910-1c7f-4e72-9d50-6eb5453efcfd,TRUE,TRUE,By Lots,TRUE,Ordered quantities
init.75264f61-a28e-4670-aa0c-1fdaf148207e,Dicytam Comprimé 500mg,product.categ_products_drug_orders,product,init.391d2a1b-2aec-4bd7-b43b-e294e7f2b9b9,init.391d2a1b-2aec-4bd7-b43b-e294e7f2b9b9,TRUE,TRUE,By Lots,TRUE,Ordered quantities
init.80f798eb-e8ce-4161-b2c3-fd3d2ffa2115,"Difenasol Gouttes oculaires 0,001% 5ml",product.categ_products_drug_orders,product,init.11ae7979-7bb6-49c7-9715-9adacc1b4005,init.11ae7979-7bb6-49c7-9715-9adacc1b4005,TRUE,TRUE,By Lots,TRUE,Ordered quantities
init.262c80cb-9deb-4043-81e9-f024448336fe,Diglogent,product.categ_products_drug_orders,product,init.391d2a1b-2aec-4bd7-b43b-e294e7f2b9b9,init.391d2a1b-2aec-4bd7-b43b-e294e7f2b9b9,TRUE,TRUE,By Lots,TRUE,Ordered quantities
init.7fe7b391-0095-4005-b2e4-c64e890dc548,Dipyrone Injection 1g/2ml,product.categ_products_drug_orders,product,init.c2beca4d-0e35-4989-8e9d-54134982bb37,init.c2beca4d-0e35-4989-8e9d-54134982bb37,TRUE,TRUE,By Lots,TRUE,Ordered quantities
init.4a89fb08-6005-4be1-9f97-a4ec5c220dda,Dipyrone Injection 2.5g/5ml,product.categ_products_drug_orders,product,init.c2beca4d-0e35-4989-8e9d-54134982bb37,init.c2beca4d-0e35-4989-8e9d-54134982bb37,TRUE,TRUE,By Lots,TRUE,Ordered quantities
init.1da6a789-fff0-4ae2-926f-5a9cb3795311,Dompéridone Comprimé 100mg,product.categ_products_drug_orders,product,init.391d2a1b-2aec-4bd7-b43b-e294e7f2b9b9,init.391d2a1b-2aec-4bd7-b43b-e294e7f2b9b9,TRUE,TRUE,By Lots,TRUE,Ordered quantities
init.08fcec89-4e5c-4399-bf20-b7712c784a8f,Domperidone Comprimé 10mg,product.categ_products_drug_orders,product,init.391d2a1b-2aec-4bd7-b43b-e294e7f2b9b9,init.391d2a1b-2aec-4bd7-b43b-e294e7f2b9b9,TRUE,TRUE,By Lots,TRUE,Ordered quantities
init.3207cedf-5298-456e-ad68-0537de830e61,Dompéridone Suspension 1mg/ml 125ml,product.categ_products_drug_orders,product,init.bf712910-1c7f-4e72-9d50-6eb5453efcfd,init.bf712910-1c7f-4e72-9d50-6eb5453efcfd,TRUE,TRUE,By Lots,TRUE,Ordered quantities
init.43f0af98-cd9f-4baa-99b1-75f56fcf84d7,Doxy Comprimé 200mg,product.categ_products_drug_orders,product,init.391d2a1b-2aec-4bd7-b43b-e294e7f2b9b9,init.391d2a1b-2aec-4bd7-b43b-e294e7f2b9b9,TRUE,TRUE,By Lots,TRUE,Ordered quantities
init.6b6d5453-c931-4c9a-93d2-57019057ef25,Doxycycline Comprimé 100mg,product.categ_products_drug_orders,product,init.391d2a1b-2aec-4bd7-b43b-e294e7f2b9b9,init.391d2a1b-2aec-4bd7-b43b-e294e7f2b9b9,TRUE,TRUE,By Lots,TRUE,Ordered quantities
init.bea0e01f-1de7-4624-9844-07233843f054,"Duphalac Solution 66,5% 200ml",product.categ_products_drug_orders,product,init.bf712910-1c7f-4e72-9d50-6eb5453efcfd,init.bf712910-1c7f-4e72-9d50-6eb5453efcfd,TRUE,TRUE,By Lots,TRUE,Ordered quantities
init.9b95b450-bace-4eb8-a665-7b7ce93cef07,Duphaston Comprimé 100mg,product.categ_products_drug_orders,product,init.391d2a1b-2aec-4bd7-b43b-e294e7f2b9b9,init.391d2a1b-2aec-4bd7-b43b-e294e7f2b9b9,TRUE,TRUE,By Lots,TRUE,Ordered quantities
init.c4a86f97-688f-478c-942e-97afa0ca2d54,Duphaston Comprimé 10mg,product.categ_products_drug_orders,product,init.391d2a1b-2aec-4bd7-b43b-e294e7f2b9b9,init.391d2a1b-2aec-4bd7-b43b-e294e7f2b9b9,TRUE,TRUE,By Lots,TRUE,Ordered quantities
init.59f70930-c9f5-4754-93c4-7544fdc9a303,Duspatalin Comprimé 200mg,product.categ_products_drug_orders,product,init.391d2a1b-2aec-4bd7-b43b-e294e7f2b9b9,init.391d2a1b-2aec-4bd7-b43b-e294e7f2b9b9,TRUE,TRUE,By Lots,TRUE,Ordered quantities
init.7b0310ac-5225-4d48-959b-313eb9f22ddf,Dynamogen Ampoule,product.categ_products_drug_orders,product,init.d81e10fe-0f6a-4b75-b9c0-a5e72d56f3b2,init.d81e10fe-0f6a-4b75-b9c0-a5e72d56f3b2,TRUE,TRUE,By Lots,TRUE,Ordered quantities
init.d9fb690b-f0ba-4832-bb1e-db8386eba6cb,Dynamogen Ampoule 3mg/1g,product.categ_products_drug_orders,product,init.d81e10fe-0f6a-4b75-b9c0-a5e72d56f3b2,init.d81e10fe-0f6a-4b75-b9c0-a5e72d56f3b2,TRUE,TRUE,By Lots,TRUE,Ordered quantities
init.2a84e0ae-caaf-434e-baca-8ed1baf5adb3,Efferalgan Comprimé 500mg,product.categ_products_drug_orders,product,init.391d2a1b-2aec-4bd7-b43b-e294e7f2b9b9,init.391d2a1b-2aec-4bd7-b43b-e294e7f2b9b9,TRUE,TRUE,By Lots,TRUE,Ordered quantities
init.80c46739-b0e6-44c6-ab7d-72d1537a4318,Erythromycin Comprimé 500mg,product.categ_products_drug_orders,product,init.391d2a1b-2aec-4bd7-b43b-e294e7f2b9b9,init.391d2a1b-2aec-4bd7-b43b-e294e7f2b9b9,TRUE,TRUE,By Lots,TRUE,Ordered quantities
init.ab171e64-312a-4d38-a53a-1118fd4bc9ca,Érythromycine Suspension 125mg/5ml 100ml,product.categ_products_drug_orders,product,init.bf712910-1c7f-4e72-9d50-6eb5453efcfd,init.bf712910-1c7f-4e72-9d50-6eb5453efcfd,TRUE,TRUE,By Lots,TRUE,Ordered quantities
init.ac328310-8c57-4e2d-b524-e7ab4d4ef30b,Erythromycin Suspension 250mg/5ml 100ml,product.categ_products_drug_orders,product,init.bf712910-1c7f-4e72-9d50-6eb5453efcfd,init.bf712910-1c7f-4e72-9d50-6eb5453efcfd,TRUE,TRUE,By Lots,TRUE,Ordered quantities
init.417409ab-a1b9-4e6a-adc9-43ba912aaea4,Esoméprazole Comprimé 20mg,product.categ_products_drug_orders,product,init.391d2a1b-2aec-4bd7-b43b-e294e7f2b9b9,init.391d2a1b-2aec-4bd7-b43b-e294e7f2b9b9,TRUE,TRUE,By Lots,TRUE,Ordered quantities
init.fc71d83f-2d33-4a5c-be93-4dd6132064a7,Esomeprazole Capsule 40mg,product.categ_products_drug_orders,product,init.94b2f0e7-0885-430f-8733-e2a93f03095d,init.94b2f0e7-0885-430f-8733-e2a93f03095d,TRUE,TRUE,By Lots,TRUE,Ordered quantities
init.9102a80e-418f-4920-ac78-648df8430b9d,Exonol,product.categ_products_drug_orders,product,init.bf712910-1c7f-4e72-9d50-6eb5453efcfd,init.bf712910-1c7f-4e72-9d50-6eb5453efcfd,TRUE,TRUE,By Lots,TRUE,Ordered quantities
init.c5db3aba-b245-462c-b00b-d3110365c923,Exxib Comprimé 200mg,product.categ_products_drug_orders,product,init.391d2a1b-2aec-4bd7-b43b-e294e7f2b9b9,init.391d2a1b-2aec-4bd7-b43b-e294e7f2b9b9,TRUE,TRUE,By Lots,TRUE,Ordered quantities
init.dfe9f5b0-b050-433f-ae34-1fcbb9e78b57,"Faux Papillon Lunettes -0,25",product.categ_products_drug_orders,product,init.c4b6c7b7-4906-4f76-af51-60ec9a34932e,init.c4b6c7b7-4906-4f76-af51-60ec9a34932e,TRUE,TRUE,By Lots,TRUE,Ordered quantities
init.d34f7c6a-4373-40f6-9a48-0e71d4e52977,Faux Papillon Lunettes +0.25,product.categ_products_drug_orders,product,init.c4b6c7b7-4906-4f76-af51-60ec9a34932e,init.c4b6c7b7-4906-4f76-af51-60ec9a34932e,TRUE,TRUE,By Lots,TRUE,Ordered quantities
init.6311f085-cf65-4211-8d7d-e020e1933dfc,Faux Papillon Lunettes Planon,product.categ_products_drug_orders,product,init.c4b6c7b7-4906-4f76-af51-60ec9a34932e,init.c4b6c7b7-4906-4f76-af51-60ec9a34932e,TRUE,TRUE,By Lots,TRUE,Ordered quantities
init.edfc81e1-4be5-4d41-b9da-d83bbc334890,Fercefol Comprimé 100/4/200mg,product.categ_products_drug_orders,product,init.391d2a1b-2aec-4bd7-b43b-e294e7f2b9b9,init.391d2a1b-2aec-4bd7-b43b-e294e7f2b9b9,TRUE,TRUE,By Lots,TRUE,Ordered quantities
init.f809c82a-a777-4ace-bb87-5f8a9964c80a,Fercefol Sirop 50/2/100mg 150ml,product.categ_products_drug_orders,product,init.bf712910-1c7f-4e72-9d50-6eb5453efcfd,init.bf712910-1c7f-4e72-9d50-6eb5453efcfd,TRUE,TRUE,By Lots,TRUE,Ordered quantities
init.a9a94538-927d-4e92-b048-fa91479f9ca2,Flexdol Comprimé 200/500mg,product.categ_products_drug_orders,product,init.391d2a1b-2aec-4bd7-b43b-e294e7f2b9b9,init.391d2a1b-2aec-4bd7-b43b-e294e7f2b9b9,TRUE,TRUE,By Lots,TRUE,Ordered quantities
init.5a28fdbd-84fb-45cb-9b3f-a9c6a99665cf,Florom-N Gouttes ophtalmiques,product.categ_products_drug_orders,product,init.11ae7979-7bb6-49c7-9715-9adacc1b4005,init.11ae7979-7bb6-49c7-9715-9adacc1b4005,TRUE,TRUE,By Lots,TRUE,Ordered quantities
init.aa137571-94a8-41f2-95a0-046aa944c577,Floxsol Gouttes Ophtalmiques 0.3% 5ml,product.categ_products_drug_orders,product,init.11ae7979-7bb6-49c7-9715-9adacc1b4005,init.11ae7979-7bb6-49c7-9715-9adacc1b4005,TRUE,TRUE,By Lots,TRUE,Ordered quantities
init.45d44ab0-80aa-4651-9ac2-188d430ebc15,Flucazol Capsule 100mg,product.categ_products_drug_orders,product,init.94b2f0e7-0885-430f-8733-e2a93f03095d,init.94b2f0e7-0885-430f-8733-e2a93f03095d,TRUE,TRUE,By Lots,TRUE,Ordered quantities
init.1c575b86-aea7-4e10-a8c4-81f06b9239de,Flucazol Suspension 50mg/5ml 60ml,product.categ_products_drug_orders,product,init.bf712910-1c7f-4e72-9d50-6eb5453efcfd,init.bf712910-1c7f-4e72-9d50-6eb5453efcfd,TRUE,TRUE,By Lots,TRUE,Ordered quantities
init.a3bb95b7-158c-4568-b17b-877b2e0d65a1,"Fluditec Sirop 0,05% 125ml",product.categ_products_drug_orders,product,init.bf712910-1c7f-4e72-9d50-6eb5453efcfd,init.bf712910-1c7f-4e72-9d50-6eb5453efcfd,TRUE,TRUE,By Lots,TRUE,Ordered quantities
init.2ec9e0d1-e89c-4da8-9cf8-8a7ffa1300c5,"Fluditec Sirop 0,02% 125ml",product.categ_products_drug_orders,product,init.bf712910-1c7f-4e72-9d50-6eb5453efcfd,init.bf712910-1c7f-4e72-9d50-6eb5453efcfd,TRUE,TRUE,By Lots,TRUE,Ordered quantities
init.605fe1fb-55ab-42e3-80f2-1f7d672f96a4,Fluoxetine Comprimé 500mg,product.categ_products_drug_orders,product,init.391d2a1b-2aec-4bd7-b43b-e294e7f2b9b9,init.391d2a1b-2aec-4bd7-b43b-e294e7f2b9b9,TRUE,TRUE,By Lots,TRUE,Ordered quantities
init.8e68cdc8-784d-4b9d-9a75-9786f6227b27,Fucidin Comprimé 250mg,product.categ_products_drug_orders,product,init.391d2a1b-2aec-4bd7-b43b-e294e7f2b9b9,init.391d2a1b-2aec-4bd7-b43b-e294e7f2b9b9,TRUE,TRUE,By Lots,TRUE,Ordered quantities
init.163a4146-4b54-48b1-ac0c-96f7e053916b,"Fucidin Crème 0,02% Tube 15g",product.categ_products_drug_orders,product,init.72262ed3-d3e2-4c94-b4d6-567934107481,init.72262ed3-d3e2-4c94-b4d6-567934107481,TRUE,TRUE,By Lots,TRUE,Ordered quantities
init.35ee19da-c333-411a-8936-a5fd4561ef7d,Fucidin Suspension 250mg/5ml 90ml,product.categ_products_drug_orders,product,init.bf712910-1c7f-4e72-9d50-6eb5453efcfd,init.bf712910-1c7f-4e72-9d50-6eb5453efcfd,TRUE,TRUE,By Lots,TRUE,Ordered quantities
init.913a6fe5-0727-4b9f-9269-bc83f0c7d7a2,Fuorsemide Comprimé 40mg,product.categ_products_drug_orders,product,init.391d2a1b-2aec-4bd7-b43b-e294e7f2b9b9,init.391d2a1b-2aec-4bd7-b43b-e294e7f2b9b9,TRUE,TRUE,By Lots,TRUE,Ordered quantities
init.77317d9a-9f31-4b9b-8aff-fa8ad59b61d1,Furosémide Injection 20mg/2ml,product.categ_products_drug_orders,product,init.bf712910-1c7f-4e72-9d50-6eb5453efcfd,init.bf712910-1c7f-4e72-9d50-6eb5453efcfd,TRUE,TRUE,By Lots,TRUE,Ordered quantities
init.43553c4d-3aee-42e1-af08-0607fa6619d3,Gamalate Comprimé 75/37/75/37/210mg,product.categ_products_drug_orders,product,init.391d2a1b-2aec-4bd7-b43b-e294e7f2b9b9,init.391d2a1b-2aec-4bd7-b43b-e294e7f2b9b9,TRUE,TRUE,By Lots,TRUE,Ordered quantities
init.c77ccb7d-2612-439d-8216-ca9f3ca22a16,Gamalate B6 Comprimé,product.categ_products_drug_orders,product,init.391d2a1b-2aec-4bd7-b43b-e294e7f2b9b9,init.391d2a1b-2aec-4bd7-b43b-e294e7f2b9b9,TRUE,TRUE,By Lots,TRUE,Ordered quantities
init.960eba46-585a-4763-b74b-c08996899af1,Gentalline Gouttes Ophtalmiques 0.3% 5ml,product.categ_products_drug_orders,product,init.11ae7979-7bb6-49c7-9715-9adacc1b4005,init.11ae7979-7bb6-49c7-9715-9adacc1b4005,TRUE,TRUE,By Lots,TRUE,Ordered quantities
init.b0a2cd9f-12bf-4d49-bed3-aa2ba4f6e2bc,Gentamicin Collyre 0.3% 5ml,product.categ_products_drug_orders,product,init.11ae7979-7bb6-49c7-9715-9adacc1b4005,init.11ae7979-7bb6-49c7-9715-9adacc1b4005,TRUE,TRUE,By Lots,TRUE,Ordered quantities
init.2b6bf939-8f96-4171-8eee-b454199133b8,Gentamicin Injection 40mg/2ml,product.categ_products_drug_orders,product,init.bf712910-1c7f-4e72-9d50-6eb5453efcfd,init.bf712910-1c7f-4e72-9d50-6eb5453efcfd,TRUE,TRUE,By Lots,TRUE,Ordered quantities
init.a4112211-6479-4fe1-b68d-5c1b7b7d3850,Gentamicin Injection 80mg/2ml,product.categ_products_drug_orders,product,init.bf712910-1c7f-4e72-9d50-6eb5453efcfd,init.bf712910-1c7f-4e72-9d50-6eb5453efcfd,TRUE,TRUE,By Lots,TRUE,Ordered quantities
init.73f09bac-54ee-45f6-ab97-e522b0d8902e,Étui à lunettes,product.categ_products_drug_orders,product,init.c4b6c7b7-4906-4f76-af51-60ec9a34932e,init.c4b6c7b7-4906-4f76-af51-60ec9a34932e,TRUE,TRUE,By Lots,TRUE,Ordered quantities
init.bf7fcd59-f6a7-4ac0-8c63-28f42e550952,Cordon de lunettes,product.categ_products_drug_orders,product,init.c4b6c7b7-4906-4f76-af51-60ec9a34932e,init.c4b6c7b7-4906-4f76-af51-60ec9a34932e,TRUE,TRUE,By Lots,TRUE,Ordered quantities
init.5eac7195-bd6e-42f2-9fc6-bfe314f2d92a,Glipinclamide Comprimé,product.categ_products_drug_orders,product,init.391d2a1b-2aec-4bd7-b43b-e294e7f2b9b9,init.391d2a1b-2aec-4bd7-b43b-e294e7f2b9b9,TRUE,TRUE,By Lots,TRUE,Ordered quantities
init.ecebe807-256e-4932-880c-8bc317ec80c8,Glucophage XR Comprimé 850mg,product.categ_products_drug_orders,product,init.391d2a1b-2aec-4bd7-b43b-e294e7f2b9b9,init.391d2a1b-2aec-4bd7-b43b-e294e7f2b9b9,TRUE,TRUE,By Lots,TRUE,Ordered quantities
init.675545bd-76f0-45bf-a575-a79edc578f36,Glucose 10% Solution 500ml,product.categ_products_drug_orders,product,init.bf712910-1c7f-4e72-9d50-6eb5453efcfd,init.bf712910-1c7f-4e72-9d50-6eb5453efcfd,TRUE,TRUE,By Lots,TRUE,Ordered quantities
init.58fe137b-5b34-4ba0-ae2f-49793434e603,Glucose 5% Solution 500ml,product.categ_products_drug_orders,product,init.bf712910-1c7f-4e72-9d50-6eb5453efcfd,init.bf712910-1c7f-4e72-9d50-6eb5453efcfd,TRUE,TRUE,By Lots,TRUE,Ordered quantities
init.49805690-5cb2-4711-998a-8760d672a109,Gynagon Kit 2g/150mg/1g,product.categ_products_drug_orders,product,init.391d2a1b-2aec-4bd7-b43b-e294e7f2b9b9,init.391d2a1b-2aec-4bd7-b43b-e294e7f2b9b9,TRUE,TRUE,By Lots,TRUE,Ordered quantities
init.044104bd-2b9c-443e-805c-4a96ddaddb65,Haloperidol Comprimé 5mg,product.categ_products_drug_orders,product,init.391d2a1b-2aec-4bd7-b43b-e294e7f2b9b9,init.391d2a1b-2aec-4bd7-b43b-e294e7f2b9b9,TRUE,TRUE,By Lots,TRUE,Ordered quantities
init.bbd4fdae-d29c-4d08-97a5-2e1c928c479e,Hydrocortisone Injection 100mg,product.categ_products_drug_orders,product,init.bf712910-1c7f-4e72-9d50-6eb5453efcfd,init.bf712910-1c7f-4e72-9d50-6eb5453efcfd,TRUE,TRUE,By Lots,TRUE,Ordered quantities
init.c3468a8f-ea19-4abf-9f0e-b318bd2f4e55,Solution de Peroxyde d'Hydrogène 250ml,product.categ_products_drug_orders,product,init.bf712910-1c7f-4e72-9d50-6eb5453efcfd,init.bf712910-1c7f-4e72-9d50-6eb5453efcfd,TRUE,TRUE,By Lots,TRUE,Ordered quantities
init.a5890a9b-ce92-44a9-a929-b33709bd5d8a,Hyoscine Comprimé 10mg,product.categ_products_drug_orders,product,init.391d2a1b-2aec-4bd7-b43b-e294e7f2b9b9,init.391d2a1b-2aec-4bd7-b43b-e294e7f2b9b9,TRUE,TRUE,By Lots,TRUE,Ordered quantities
init.c273b18a-8e47-45f2-ac39-352e96ad68c7,Ibuprofène Comprimé 400mg,product.categ_products_drug_orders,product,init.391d2a1b-2aec-4bd7-b43b-e294e7f2b9b9,init.391d2a1b-2aec-4bd7-b43b-e294e7f2b9b9,TRUE,TRUE,By Lots,TRUE,Ordered quantities
init.c2ad3349-a436-4aff-880f-62054bff5590,Ibuprofen Denk Comprimé 400mg,product.categ_products_drug_orders,product,init.391d2a1b-2aec-4bd7-b43b-e294e7f2b9b9,init.391d2a1b-2aec-4bd7-b43b-e294e7f2b9b9,TRUE,TRUE,By Lots,TRUE,Ordered quantities
init.30d8f5ce-89ba-4805-8d80-e3571ca38ba2,Ibuprofen Suspension 100mg/5ml 100ml,product.categ_products_drug_orders,product,init.bf712910-1c7f-4e72-9d50-6eb5453efcfd,init.bf712910-1c7f-4e72-9d50-6eb5453efcfd,TRUE,TRUE,By Lots,TRUE,Ordered quantities
init.c848954c-078b-4ad3-8fcb-114f27c9c43d,Ibuprofen Suspension 100mg/5ml 60ml,product.categ_products_drug_orders,product,init.bf712910-1c7f-4e72-9d50-6eb5453efcfd,init.bf712910-1c7f-4e72-9d50-6eb5453efcfd,TRUE,TRUE,By Lots,TRUE,Ordered quantities
init.4dd363d1-b503-4ce3-ad9b-d5dc0710236e,Jeu de perfusion,product.categ_products_drug_orders,product,init.c4b6c7b7-4906-4f76-af51-60ec9a34932e,init.c4b6c7b7-4906-4f76-af51-60ec9a34932e,TRUE,TRUE,By Lots,TRUE,Ordered quantities
init.a1661e95-7897-4038-86cb-954d386fa8f9,Seringue à insuline 1ml,product.categ_products_drug_orders,product,init.9a169d53-360a-47db-9cfd-26bdbe2bff1b,init.9a169d53-360a-47db-9cfd-26bdbe2bff1b,TRUE,TRUE,By Lots,TRUE,Ordered quantities
init.df543826-8385-49a6-ac61-25a258f12100,Tissu Jersey 1m,product.categ_products_drug_orders,product,init.c4b6c7b7-4906-4f76-af51-60ec9a34932e,init.c4b6c7b7-4906-4f76-af51-60ec9a34932e,TRUE,TRUE,By Lots,TRUE,Ordered quantities
init.0b273e54-5dc0-4718-ac57-6c13dcbb961d,Kemoxyl+F Capsule 250/250mg,product.categ_products_drug_orders,product,init.94b2f0e7-0885-430f-8733-e2a93f03095d,init.94b2f0e7-0885-430f-8733-e2a93f03095d,TRUE,TRUE,By Lots,TRUE,Ordered quantities
init.634b366d-213a-467e-98c6-59a5e61af715,Kemoxyl+F Capsule 500mg,product.categ_products_drug_orders,product,init.94b2f0e7-0885-430f-8733-e2a93f03095d,init.94b2f0e7-0885-430f-8733-e2a93f03095d,TRUE,TRUE,By Lots,TRUE,Ordered quantities
init.c72a6b80-8c81-4450-b02e-87d8b4cdae46,Kemoxyl+F Comprimé 500mg,product.categ_products_drug_orders,product,init.391d2a1b-2aec-4bd7-b43b-e294e7f2b9b9,init.391d2a1b-2aec-4bd7-b43b-e294e7f2b9b9,TRUE,TRUE,By Lots,TRUE,Ordered quantities
init.8269fc83-d6e1-4c20-90f6-41335b6c6234,Kemoxyl+F Suspension 125/125mg/5ml 100ml,product.categ_products_drug_orders,product,init.bf712910-1c7f-4e72-9d50-6eb5453efcfd,init.bf712910-1c7f-4e72-9d50-6eb5453efcfd,TRUE,TRUE,By Lots,TRUE,Ordered quantities
init.0997eb53-4d78-420c-a96f-b8e1980ce119,Kétoconazole Comprimé 200mg,product.categ_products_drug_orders,product,init.391d2a1b-2aec-4bd7-b43b-e294e7f2b9b9,init.391d2a1b-2aec-4bd7-b43b-e294e7f2b9b9,TRUE,TRUE,By Lots,TRUE,Ordered quantities
init.82e09f5e-6fe4-42da-918a-a5abc1daa92c,"Crème de Ketoconazole 0,02 % 15g",product.categ_products_drug_orders,product,init.72262ed3-d3e2-4c94-b4d6-567934107481,init.72262ed3-d3e2-4c94-b4d6-567934107481,TRUE,TRUE,By Lots,TRUE,Ordered quantities
init.25f0c5b9-b08b-4ad5-aa30-63c4e80bce7e,Koflyn Suspension 2.2/110/40/1.1/5ml 100ml,product.categ_products_drug_orders,product,init.bf712910-1c7f-4e72-9d50-6eb5453efcfd,init.bf712910-1c7f-4e72-9d50-6eb5453efcfd,TRUE,TRUE,By Lots,TRUE,Ordered quantities
init.13ce9874-d33f-4643-8dfc-c4235a1d2ca6,"Lamolube Collyre 0,5% 10ml",product.categ_products_drug_orders,product,init.11ae7979-7bb6-49c7-9715-9adacc1b4005,init.11ae7979-7bb6-49c7-9715-9adacc1b4005,TRUE,TRUE,By Lots,TRUE,Ordered quantities
init.9d2244bb-be72-4443-bf5e-001d0ae32d20,Lidocaine 2% Injection,product.categ_products_drug_orders,product,init.bf712910-1c7f-4e72-9d50-6eb5453efcfd,init.bf712910-1c7f-4e72-9d50-6eb5453efcfd,TRUE,TRUE,By Lots,TRUE,Ordered quantities
init.6694bb74-9c2f-4bf5-87fe-d90069b6c788,Loaktan Comprimé 50mg,product.categ_products_drug_orders,product,init.391d2a1b-2aec-4bd7-b43b-e294e7f2b9b9,init.391d2a1b-2aec-4bd7-b43b-e294e7f2b9b9,TRUE,TRUE,By Lots,TRUE,Ordered quantities
init.a7549fad-09d5-4a1d-a2f9-0d83aede10df,Loaktan-H Comprimé 50/12.5mg,product.categ_products_drug_orders,product,init.391d2a1b-2aec-4bd7-b43b-e294e7f2b9b9,init.391d2a1b-2aec-4bd7-b43b-e294e7f2b9b9,TRUE,TRUE,By Lots,TRUE,Ordered quantities
init.ccb9c05d-c875-427e-807a-9821f472564d,Lonart Comprimé 120mg,product.categ_products_drug_orders,product,init.391d2a1b-2aec-4bd7-b43b-e294e7f2b9b9,init.391d2a1b-2aec-4bd7-b43b-e294e7f2b9b9,TRUE,TRUE,By Lots,TRUE,Ordered quantities
init.ef0cd52c-43d0-4b6d-b692-5a16785806a9,Magsim Sirop 400/20mg 180ml,product.categ_products_drug_orders,product,init.bf712910-1c7f-4e72-9d50-6eb5453efcfd,init.bf712910-1c7f-4e72-9d50-6eb5453efcfd,TRUE,TRUE,By Lots,TRUE,Ordered quantities
init.031eb253-3cfd-4406-aa44-1dd66cc57eb2,Mannitol Solution 20% 100ml,product.categ_products_drug_orders,product,init.bf712910-1c7f-4e72-9d50-6eb5453efcfd,init.bf712910-1c7f-4e72-9d50-6eb5453efcfd,TRUE,TRUE,By Lots,TRUE,Ordered quantities
init.3b0bbf89-2ba1-42cc-b75b-f71df03747ad,Metformin Comprimé 850mg,product.categ_products_drug_orders,product,init.391d2a1b-2aec-4bd7-b43b-e294e7f2b9b9,init.391d2a1b-2aec-4bd7-b43b-e294e7f2b9b9,TRUE,TRUE,By Lots,TRUE,Ordered quantities
init.26f6a1df-da4b-4dc2-be29-866c829a54a9,Metformin Denk Comprimé 850mg,product.categ_products_drug_orders,product,init.391d2a1b-2aec-4bd7-b43b-e294e7f2b9b9,init.391d2a1b-2aec-4bd7-b43b-e294e7f2b9b9,TRUE,TRUE,By Lots,TRUE,Ordered quantities
init.d9699d4e-7d21-4be5-88e3-b61453a30b37,Metronidazole Comprimé 250mg,product.categ_products_drug_orders,product,init.391d2a1b-2aec-4bd7-b43b-e294e7f2b9b9,init.391d2a1b-2aec-4bd7-b43b-e294e7f2b9b9,TRUE,TRUE,By Lots,TRUE,Ordered quantities
init.1b6af6b0-d51a-4fb0-8846-9227ae678e03,Metronidazole Injection 500mg/100ml,product.categ_products_drug_orders,product,init.bf712910-1c7f-4e72-9d50-6eb5453efcfd,init.bf712910-1c7f-4e72-9d50-6eb5453efcfd,TRUE,TRUE,By Lots,TRUE,Ordered quantities
init.a88057d1-2034-4c59-b518-33e827be7c91,Metronidazole Suspension 125mg/5ml 100ml,product.categ_products_drug_orders,product,init.bf712910-1c7f-4e72-9d50-6eb5453efcfd,init.bf712910-1c7f-4e72-9d50-6eb5453efcfd,TRUE,TRUE,By Lots,TRUE,Ordered quantities
init.3ed44baf-bae0-4484-907b-4fbeeec85c13,Crème de Miconazole 0.02% 15g,product.categ_products_drug_orders,product,init.72262ed3-d3e2-4c94-b4d6-567934107481,init.72262ed3-d3e2-4c94-b4d6-567934107481,TRUE,TRUE,By Lots,TRUE,Ordered quantities
init.241df482-d756-404b-987c-4a080ac53c73,Crème de Miconazole 20g,product.categ_products_drug_orders,product,init.72262ed3-d3e2-4c94-b4d6-567934107481,init.72262ed3-d3e2-4c94-b4d6-567934107481,TRUE,TRUE,By Lots,TRUE,Ordered quantities
init.473946b5-7a58-4f78-a3db-72eb6eac57e2,"Micozal Crème 0,02% 15g",product.categ_products_drug_orders,product,init.72262ed3-d3e2-4c94-b4d6-567934107481,init.72262ed3-d3e2-4c94-b4d6-567934107481,TRUE,TRUE,By Lots,TRUE,Ordered quantities
init.78e16e25-57ea-41fb-b775-a2043c448740,Misoprostol Comprimé 200mcg,product.categ_products_drug_orders,product,init.391d2a1b-2aec-4bd7-b43b-e294e7f2b9b9,init.391d2a1b-2aec-4bd7-b43b-e294e7f2b9b9,TRUE,TRUE,By Lots,TRUE,Ordered quantities
init.6c9e1d28-2d72-4045-988a-077927ef7d88,Montelova Adulte Comprimé 10/5mg,product.categ_products_drug_orders,product,init.391d2a1b-2aec-4bd7-b43b-e294e7f2b9b9,init.391d2a1b-2aec-4bd7-b43b-e294e7f2b9b9,TRUE,TRUE,By Lots,TRUE,Ordered quantities
init.1baf9b05-fcbf-4b3e-b2e7-f8637b6ab6b8,Multivitamine Sirop 100ml,product.categ_products_drug_orders,product,init.bf712910-1c7f-4e72-9d50-6eb5453efcfd,init.bf712910-1c7f-4e72-9d50-6eb5453efcfd,TRUE,TRUE,By Lots,TRUE,Ordered quantities
init.9759dda5-da5c-4377-aeb6-3c1e47d923e5,Comprimé Multivitamine,product.categ_products_drug_orders,product,init.391d2a1b-2aec-4bd7-b43b-e294e7f2b9b9,init.391d2a1b-2aec-4bd7-b43b-e294e7f2b9b9,TRUE,TRUE,By Lots,TRUE,Ordered quantities
init.572b05a5-b9c4-48b1-9529-35dfebb8d366,"Neo-Medrol Lotion contre l'acné 0,25%/0,25% 25ml",product.categ_products_drug_orders,product,init.72262ed3-d3e2-4c94-b4d6-567934107481,init.72262ed3-d3e2-4c94-b4d6-567934107481,TRUE,TRUE,By Lots,TRUE,Ordered quantities
init.47046f78-6f95-4a17-a0ff-ca96d0eeb79f,Neomdexol Collyre 0.1%/0.35% 5ml,product.categ_products_drug_orders,product,init.11ae7979-7bb6-49c7-9715-9adacc1b4005,init.11ae7979-7bb6-49c7-9715-9adacc1b4005,TRUE,TRUE,By Lots,TRUE,Ordered quantities
init.c3426765-6b26-457f-adf3-d3d829f62e25,Neuro Forte Comprimé,product.categ_products_drug_orders,product,init.391d2a1b-2aec-4bd7-b43b-e294e7f2b9b9,init.391d2a1b-2aec-4bd7-b43b-e294e7f2b9b9,TRUE,TRUE,By Lots,TRUE,Ordered quantities
init.d675376d-b35f-48d3-aa21-dd5250106f8a,Neuroba Comprimé 300mg,product.categ_products_drug_orders,product,init.391d2a1b-2aec-4bd7-b43b-e294e7f2b9b9,init.391d2a1b-2aec-4bd7-b43b-e294e7f2b9b9,TRUE,TRUE,By Lots,TRUE,Ordered quantities
init.46076a0c-a67b-4d42-a96f-69bbd6de644c,Neurontin Comprimé 300mg,product.categ_products_drug_orders,product,init.391d2a1b-2aec-4bd7-b43b-e294e7f2b9b9,init.391d2a1b-2aec-4bd7-b43b-e294e7f2b9b9,TRUE,TRUE,By Lots,TRUE,Ordered quantities
init.007d8518-52a6-47e0-bf3e-61b208661c65,Nifedipine Comprimé 10mg,product.categ_products_drug_orders,product,init.391d2a1b-2aec-4bd7-b43b-e294e7f2b9b9,init.391d2a1b-2aec-4bd7-b43b-e294e7f2b9b9,TRUE,TRUE,By Lots,TRUE,Ordered quantities
init.6f2d3ab3-220a-4dc4-ae80-90c96bf3be07,Nifédipine Comprimé 20mg,product.categ_products_drug_orders,product,init.391d2a1b-2aec-4bd7-b43b-e294e7f2b9b9,init.391d2a1b-2aec-4bd7-b43b-e294e7f2b9b9,TRUE,TRUE,By Lots,TRUE,Ordered quantities
init.2a843b45-acfc-461a-857e-bd7f010af8ba,Suture Non-Absorbable,product.categ_products_drug_orders,product,init.c4b6c7b7-4906-4f76-af51-60ec9a34932e,init.c4b6c7b7-4906-4f76-af51-60ec9a34932e,TRUE,TRUE,By Lots,TRUE,Ordered quantities
init.c296f8db-783d-44d0-9fcf-a7778e9ffc4f,Gants Non Stériles,product.categ_products_drug_orders,product,init.c4b6c7b7-4906-4f76-af51-60ec9a34932e,init.c4b6c7b7-4906-4f76-af51-60ec9a34932e,TRUE,TRUE,By Lots,TRUE,Ordered quantities
init.58ecb4a8-c686-4873-ae69-3c75d45d3e23,Nucleo CMP Forte Comprimé,product.categ_products_drug_orders,product,init.391d2a1b-2aec-4bd7-b43b-e294e7f2b9b9,init.391d2a1b-2aec-4bd7-b43b-e294e7f2b9b9,TRUE,TRUE,By Lots,TRUE,Ordered quantities
init.7557fe92-82b2-4f77-8104-5d992f290e87,Nucleo CMP Injection 1/1.2/0.8/5mg,product.categ_products_drug_orders,product,init.d81e10fe-0f6a-4b75-b9c0-a5e72d56f3b2,init.d81e10fe-0f6a-4b75-b9c0-a5e72d56f3b2,TRUE,TRUE,By Lots,TRUE,Ordered quantities
init.e8d7c1bb-6972-450b-b988-5763d6bf7aef,Suture en Nylon N° 1,product.categ_products_drug_orders,product,init.c4b6c7b7-4906-4f76-af51-60ec9a34932e,init.c4b6c7b7-4906-4f76-af51-60ec9a34932e,TRUE,TRUE,By Lots,TRUE,Ordered quantities
init.4079e278-8ae9-4c0e-8870-1899bc791882,Nystatin Suspension 100000UI/ml 30ml,product.categ_products_drug_orders,product,init.bf712910-1c7f-4e72-9d50-6eb5453efcfd,init.bf712910-1c7f-4e72-9d50-6eb5453efcfd,TRUE,TRUE,By Lots,TRUE,Ordered quantities
init.53bb2d5e-a39d-412f-82b1-043ff945a2b5,Nystatin Comprimé Vaginal 100000UI,product.categ_products_drug_orders,product,init.391d2a1b-2aec-4bd7-b43b-e294e7f2b9b9,init.391d2a1b-2aec-4bd7-b43b-e294e7f2b9b9,TRUE,TRUE,By Lots,TRUE,Ordered quantities
init.cef563d7-05c9-4804-8684-a75b35e3405f,Omeprazole Capsule 20mg,product.categ_products_drug_orders,product,init.94b2f0e7-0885-430f-8733-e2a93f03095d,init.94b2f0e7-0885-430f-8733-e2a93f03095d,TRUE,TRUE,By Lots,TRUE,Ordered quantities
init.622f7874-bb29-40e9-9613-1473545b5898,"Optadex-N Gouttes Oculaires 0,1%/0,35% 5ml",product.categ_products_drug_orders,product,init.11ae7979-7bb6-49c7-9715-9adacc1b4005,init.11ae7979-7bb6-49c7-9715-9adacc1b4005,TRUE,TRUE,By Lots,TRUE,Ordered quantities
init.ee434cf0-a5e8-4464-81b9-9ac5ffe3ad60,Ororinse,product.categ_products_drug_orders,product,init.c2beca4d-0e35-4989-8e9d-54134982bb37,init.c2beca4d-0e35-4989-8e9d-54134982bb37,TRUE,TRUE,By Lots,TRUE,Ordered quantities
init.125a4ea7-817a-4f45-9389-3aabb7c1dff0,Otipax Gouttes Auriculaires,product.categ_products_drug_orders,product,init.11ae7979-7bb6-49c7-9715-9adacc1b4005,init.11ae7979-7bb6-49c7-9715-9adacc1b4005,TRUE,TRUE,By Lots,TRUE,Ordered quantities
init.88c35c2c-7e1f-4c4e-a62f-fe7e1388f83c,Otriken Comprimé 200mg,product.categ_products_drug_orders,product,init.391d2a1b-2aec-4bd7-b43b-e294e7f2b9b9,init.391d2a1b-2aec-4bd7-b43b-e294e7f2b9b9,TRUE,TRUE,By Lots,TRUE,Ordered quantities
init.006b6836-0d5a-4d33-9a00-8358556ec495,Otriken Suspension 100mg/5ml 60ml,product.categ_products_drug_orders,product,init.bf712910-1c7f-4e72-9d50-6eb5453efcfd,init.bf712910-1c7f-4e72-9d50-6eb5453efcfd,TRUE,TRUE,By Lots,TRUE,Ordered quantities
init.c68496ae-851d-4948-bea8-aa5f8e4601dc,Oxytocine Injection 10UI,product.categ_products_drug_orders,product,init.bf712910-1c7f-4e72-9d50-6eb5453efcfd,init.bf712910-1c7f-4e72-9d50-6eb5453efcfd,TRUE,TRUE,By Lots,TRUE,Ordered quantities
init.fd385040-f517-444e-820c-08600d690b52,Paidoterin Sirop 1mg/1mg/0.15mg/5mg/1mg/333mg 100ml,product.categ_products_drug_orders,product,init.bf712910-1c7f-4e72-9d50-6eb5453efcfd,init.bf712910-1c7f-4e72-9d50-6eb5453efcfd,TRUE,TRUE,By Lots,TRUE,Ordered quantities
init.a4e5d97a-597a-48fe-baea-797b1a7bf450,Pain Out Comprimé 500/50mg,product.categ_products_drug_orders,product,init.391d2a1b-2aec-4bd7-b43b-e294e7f2b9b9,init.391d2a1b-2aec-4bd7-b43b-e294e7f2b9b9,TRUE,TRUE,By Lots,TRUE,Ordered quantities
init.81358880-6fd7-425a-b7ab-5c94ca6c622d,Paracetamol Comprimé 500mg,product.categ_products_drug_orders,product,init.391d2a1b-2aec-4bd7-b43b-e294e7f2b9b9,init.391d2a1b-2aec-4bd7-b43b-e294e7f2b9b9,TRUE,TRUE,By Lots,TRUE,Ordered quantities
init.f58db908-8343-4ed9-874a-840e6e606560,Paracétamol Injection 10mg/ml 100ml,product.categ_products_drug_orders,product,init.bf712910-1c7f-4e72-9d50-6eb5453efcfd,init.bf712910-1c7f-4e72-9d50-6eb5453efcfd,TRUE,TRUE,By Lots,TRUE,Ordered quantities
init.2b25ef7c-d710-4c1d-bc5a-bd8e2e34133c,Paracetamol Sirop 120mg/5ml 100ml,product.categ_products_drug_orders,product,init.bf712910-1c7f-4e72-9d50-6eb5453efcfd,init.bf712910-1c7f-4e72-9d50-6eb5453efcfd,TRUE,TRUE,By Lots,TRUE,Ordered quantities
init.2b8d6e0a-9d9d-44c7-b9f2-36d2fc898bda,Paracétamol Sirop 125mg/5ml 100ml,product.categ_products_drug_orders,product,init.bf712910-1c7f-4e72-9d50-6eb5453efcfd,init.bf712910-1c7f-4e72-9d50-6eb5453efcfd,TRUE,TRUE,By Lots,TRUE,Ordered quantities
init.5d8aca5a-b9ad-4a24-86a3-c232aa6c74c1,Cathéter Pédiatrique,product.categ_products_drug_orders,product,init.c4b6c7b7-4906-4f76-af51-60ec9a34932e,init.c4b6c7b7-4906-4f76-af51-60ec9a34932e,TRUE,TRUE,By Lots,TRUE,Ordered quantities
init.12bcc620-d2d4-4968-a032-d956f893c90e,Pénicilline Comprimé 250mg,product.categ_products_drug_orders,product,init.391d2a1b-2aec-4bd7-b43b-e294e7f2b9b9,init.391d2a1b-2aec-4bd7-b43b-e294e7f2b9b9,TRUE,TRUE,By Lots,TRUE,Ordered quantities
init.0d9c3538-b0ac-4aed-9508-49a6b342fd87,Pénicilline V Comprimé 250mg,product.categ_products_drug_orders,product,init.391d2a1b-2aec-4bd7-b43b-e294e7f2b9b9,init.391d2a1b-2aec-4bd7-b43b-e294e7f2b9b9,TRUE,TRUE,By Lots,TRUE,Ordered quantities
init.f5d2e03a-77d2-48d5-958d-ba5abba0c711,Phenobarbital Comprimé 100mg,product.categ_products_drug_orders,product,init.391d2a1b-2aec-4bd7-b43b-e294e7f2b9b9,init.391d2a1b-2aec-4bd7-b43b-e294e7f2b9b9,TRUE,TRUE,By Lots,TRUE,Ordered quantities
init.971c1809-e0ea-433f-97f0-24cb2d8cc947,"Physiodose 0,9% 5ml",product.categ_products_drug_orders,product,init.bf712910-1c7f-4e72-9d50-6eb5453efcfd,init.bf712910-1c7f-4e72-9d50-6eb5453efcfd,TRUE,TRUE,By Lots,TRUE,Ordered quantities
init.d5728a3e-1079-4982-81b9-c299f9c962e0,Bandage Plâtré 10cmx3cm,product.categ_products_drug_orders,product,init.c4b6c7b7-4906-4f76-af51-60ec9a34932e,init.c4b6c7b7-4906-4f76-af51-60ec9a34932e,TRUE,TRUE,By Lots,TRUE,Ordered quantities
init.6f6eac84-1f8b-4195-b679-510ade2b11fd,Bandage Plâtre 15cmx3cm,product.categ_products_drug_orders,product,init.c4b6c7b7-4906-4f76-af51-60ec9a34932e,init.c4b6c7b7-4906-4f76-af51-60ec9a34932e,TRUE,TRUE,By Lots,TRUE,Ordered quantities
init.2633fab8-65c3-471c-93ce-c9d22a4141e7,Bandage Plâtre 20cmx3cm,product.categ_products_drug_orders,product,init.c4b6c7b7-4906-4f76-af51-60ec9a34932e,init.c4b6c7b7-4906-4f76-af51-60ec9a34932e,TRUE,TRUE,By Lots,TRUE,Ordered quantities
init.43287da1-d665-4286-96d8-30b7bd562c8a,Podine,product.categ_products_drug_orders,product,init.bf712910-1c7f-4e72-9d50-6eb5453efcfd,init.bf712910-1c7f-4e72-9d50-6eb5453efcfd,TRUE,TRUE,By Lots,TRUE,Ordered quantities
init.c8b1c1f7-ef08-49b4-bef9-e3c90612015d,Pogal N° 1,product.categ_products_drug_orders,product,init.c4b6c7b7-4906-4f76-af51-60ec9a34932e,init.c4b6c7b7-4906-4f76-af51-60ec9a34932e,TRUE,TRUE,By Lots,TRUE,Ordered quantities
init.1584d1a8-4f17-4d3b-9709-6c7c4700c2c6,Pogal No. 2,product.categ_products_drug_orders,product,init.c4b6c7b7-4906-4f76-af51-60ec9a34932e,init.c4b6c7b7-4906-4f76-af51-60ec9a34932e,TRUE,TRUE,By Lots,TRUE,Ordered quantities
init.21b335be-53ea-41b6-a7f6-bf303a94ff95,Pogal N° 2/0,product.categ_products_drug_orders,product,init.c4b6c7b7-4906-4f76-af51-60ec9a34932e,init.c4b6c7b7-4906-4f76-af51-60ec9a34932e,TRUE,TRUE,By Lots,TRUE,Ordered quantities
init.dfc4d640-1ab8-4b8c-a90f-5ad2e18162d0,Polydexa Gouttes Auriculaires,product.categ_products_drug_orders,product,init.11ae7979-7bb6-49c7-9715-9adacc1b4005,init.11ae7979-7bb6-49c7-9715-9adacc1b4005,TRUE,TRUE,By Lots,TRUE,Ordered quantities
init.97bfe858-e6c7-4509-b06f-9c0489be46d4,Polydexa Gouttes Auriculaires 1mg+10mg+10000UI/ml 10ml,product.categ_products_drug_orders,product,init.11ae7979-7bb6-49c7-9715-9adacc1b4005,init.11ae7979-7bb6-49c7-9715-9adacc1b4005,TRUE,TRUE,By Lots,TRUE,Ordered quantities
init.d7cf86af-0a33-4396-83e6-11a9e3c71135,Polygynax Ovule,product.categ_products_drug_orders,product,init.c4b6c7b7-4906-4f76-af51-60ec9a34932e,init.c4b6c7b7-4906-4f76-af51-60ec9a34932e,TRUE,TRUE,By Lots,TRUE,Ordered quantities
init.73160ed4-e7fd-4983-9466-8768468cacdb,Polypred Gouttes Ophtalmiques,product.categ_products_drug_orders,product,init.11ae7979-7bb6-49c7-9715-9adacc1b4005,init.11ae7979-7bb6-49c7-9715-9adacc1b4005,TRUE,TRUE,By Lots,TRUE,Ordered quantities
init.827ffa2d-c5f4-4d8c-83cb-e7990d7130e6,Positon Crème 100/250mg/10MUI 30g,product.categ_products_drug_orders,product,init.72262ed3-d3e2-4c94-b4d6-567934107481,init.72262ed3-d3e2-4c94-b4d6-567934107481,TRUE,TRUE,By Lots,TRUE,Ordered quantities
init.6c931957-b648-46cb-b021-a96cc32f0ff1,Potentiator Ampoule 5g,product.categ_products_drug_orders,product,init.d81e10fe-0f6a-4b75-b9c0-a5e72d56f3b2,init.d81e10fe-0f6a-4b75-b9c0-a5e72d56f3b2,TRUE,TRUE,By Lots,TRUE,Ordered quantities
init.21e10c4d-5220-4e65-962b-d5f62f4aa424,Solution de Povidone 100ml,product.categ_products_drug_orders,product,init.bf712910-1c7f-4e72-9d50-6eb5453efcfd,init.bf712910-1c7f-4e72-9d50-6eb5453efcfd,TRUE,TRUE,By Lots,TRUE,Ordered quantities
init.de7bf60b-1c95-4e0f-a2cf-b35d117daac4,Predmax,product.categ_products_drug_orders,product,init.391d2a1b-2aec-4bd7-b43b-e294e7f2b9b9,init.391d2a1b-2aec-4bd7-b43b-e294e7f2b9b9,TRUE,TRUE,By Lots,TRUE,Ordered quantities
init.0ad50876-a8df-4919-b2fb-b7d68cb0fd99,Prednisolone Comprimé 5mg,product.categ_products_drug_orders,product,init.391d2a1b-2aec-4bd7-b43b-e294e7f2b9b9,init.391d2a1b-2aec-4bd7-b43b-e294e7f2b9b9,TRUE,TRUE,By Lots,TRUE,Ordered quantities
init.1bfc3913-5593-4306-9297-541fad08fd79,Quinine Comprimé 100mg,product.categ_products_drug_orders,product,init.391d2a1b-2aec-4bd7-b43b-e294e7f2b9b9,init.391d2a1b-2aec-4bd7-b43b-e294e7f2b9b9,TRUE,TRUE,By Lots,TRUE,Ordered quantities
init.af91a6ca-1c93-4a3b-a44f-3a6bae3de79c,Quinine Comprimé 300mg,product.categ_products_drug_orders,product,init.391d2a1b-2aec-4bd7-b43b-e294e7f2b9b9,init.391d2a1b-2aec-4bd7-b43b-e294e7f2b9b9,TRUE,TRUE,By Lots,TRUE,Ordered quantities
init.4503c3ad-8a0f-4544-bd48-1bf5a3ed6ef5,Quinine Comprimé 500mg,product.categ_products_drug_orders,product,init.391d2a1b-2aec-4bd7-b43b-e294e7f2b9b9,init.391d2a1b-2aec-4bd7-b43b-e294e7f2b9b9,TRUE,TRUE,By Lots,TRUE,Ordered quantities
init.f5019c30-bc64-4694-adf9-f4c683092597,Quinine Injection 500mg,product.categ_products_drug_orders,product,init.bf712910-1c7f-4e72-9d50-6eb5453efcfd,init.bf712910-1c7f-4e72-9d50-6eb5453efcfd,TRUE,TRUE,By Lots,TRUE,Ordered quantities
init.29b7b1d2-81ec-467e-b292-3a51c9789def,"Lunettes de lecture -0,25",product.categ_products_drug_orders,product,init.c4b6c7b7-4906-4f76-af51-60ec9a34932e,init.c4b6c7b7-4906-4f76-af51-60ec9a34932e,TRUE,TRUE,By Lots,TRUE,Ordered quantities
init.24dbe657-b895-4d4a-811e-79b25f146819,"Lunettes de lecture +0,25",product.categ_products_drug_orders,product,init.c4b6c7b7-4906-4f76-af51-60ec9a34932e,init.c4b6c7b7-4906-4f76-af51-60ec9a34932e,TRUE,TRUE,By Lots,TRUE,Ordered quantities
init.9b9b1623-a92d-4ac4-a96d-11246861f9e6,Lunettes de lecture Planon,product.categ_products_drug_orders,product,init.c4b6c7b7-4906-4f76-af51-60ec9a34932e,init.c4b6c7b7-4906-4f76-af51-60ec9a34932e,TRUE,TRUE,By Lots,TRUE,Ordered quantities
init.2ddc56ea-ea59-4e6c-a7f2-db9555fcf2e5,Relcer Suspension 365/80/100/400mg/5ml 180ml,product.categ_products_drug_orders,product,init.bf712910-1c7f-4e72-9d50-6eb5453efcfd,init.bf712910-1c7f-4e72-9d50-6eb5453efcfd,TRUE,TRUE,By Lots,TRUE,Ordered quantities
init.59abfb73-bc20-45f2-9888-f69cd8003449,Resodone Comprimé 2mg,product.categ_products_drug_orders,product,init.391d2a1b-2aec-4bd7-b43b-e294e7f2b9b9,init.391d2a1b-2aec-4bd7-b43b-e294e7f2b9b9,TRUE,TRUE,By Lots,TRUE,Ordered quantities
init.4d42b0b3-8c2a-43c7-bb13-a8df441debfe,"Rexedine Bain de bouche 0,01 % 150 ml",product.categ_products_drug_orders,product,init.c2beca4d-0e35-4989-8e9d-54134982bb37,init.c2beca4d-0e35-4989-8e9d-54134982bb37,TRUE,TRUE,By Lots,TRUE,Ordered quantities
init.a334e047-7f89-4e4e-88f6-d99bb9ce1e26,Solution de Ringer Lactate 250ml,product.categ_products_drug_orders,product,init.bf712910-1c7f-4e72-9d50-6eb5453efcfd,init.bf712910-1c7f-4e72-9d50-6eb5453efcfd,TRUE,TRUE,By Lots,TRUE,Ordered quantities
init.6b98dae0-246b-4348-a253-4647d6ba8717,Solution de Ringer Lactate 500ml,product.categ_products_drug_orders,product,init.bf712910-1c7f-4e72-9d50-6eb5453efcfd,init.bf712910-1c7f-4e72-9d50-6eb5453efcfd,TRUE,TRUE,By Lots,TRUE,Ordered quantities
init.6a76d20c-8b17-43e1-8f43-66089b7711fd,Salbutamol Comprimé 4mg,product.categ_products_drug_orders,product,init.391d2a1b-2aec-4bd7-b43b-e294e7f2b9b9,init.391d2a1b-2aec-4bd7-b43b-e294e7f2b9b9,TRUE,TRUE,By Lots,TRUE,Ordered quantities
init.41d2a172-fa55-4b00-9dbd-30de646b128b,Salbutamol Aérosol 100mcg 200 Doses,product.categ_products_drug_orders,product,init.2befd840-e135-4fc9-bb9d-acdcce088f19,init.2befd840-e135-4fc9-bb9d-acdcce088f19,TRUE,TRUE,By Lots,TRUE,Ordered quantities
init.068861e5-23a6-4a12-86ee-7af6a3ce2ce5,Salbutamol Sirop 2mg/5ml 100ml,product.categ_products_drug_orders,product,init.bf712910-1c7f-4e72-9d50-6eb5453efcfd,init.bf712910-1c7f-4e72-9d50-6eb5453efcfd,TRUE,TRUE,By Lots,TRUE,Ordered quantities
init.bfad82ea-b72f-4978-8837-06be3e544992,Savoeffer Comprimé 500mg,product.categ_products_drug_orders,product,init.391d2a1b-2aec-4bd7-b43b-e294e7f2b9b9,init.391d2a1b-2aec-4bd7-b43b-e294e7f2b9b9,TRUE,TRUE,By Lots,TRUE,Ordered quantities
init.410b3fde-c736-41a8-931d-5dd5550297d1,Secnidazole Comprimé 1mg,product.categ_products_drug_orders,product,init.391d2a1b-2aec-4bd7-b43b-e294e7f2b9b9,init.391d2a1b-2aec-4bd7-b43b-e294e7f2b9b9,TRUE,TRUE,By Lots,TRUE,Ordered quantities
init.9685b6a5-0a16-454a-bcf1-cfee5a705312,Secnidazole Comprimé 500mg,product.categ_products_drug_orders,product,init.391d2a1b-2aec-4bd7-b43b-e294e7f2b9b9,init.391d2a1b-2aec-4bd7-b43b-e294e7f2b9b9,TRUE,TRUE,By Lots,TRUE,Ordered quantities
init.a05dc280-542b-4d28-a5a5-0f206fd5b067,"Sekisan Suspension 3,54ml/ml 120ml",product.categ_products_drug_orders,product,init.bf712910-1c7f-4e72-9d50-6eb5453efcfd,init.bf712910-1c7f-4e72-9d50-6eb5453efcfd,TRUE,TRUE,By Lots,TRUE,Ordered quantities
init.2d171c7a-2d3f-48a7-8081-9301a9ad8311,Sensodyne Crème,product.categ_products_drug_orders,product,init.72262ed3-d3e2-4c94-b4d6-567934107481,init.72262ed3-d3e2-4c94-b4d6-567934107481,TRUE,TRUE,By Lots,TRUE,Ordered quantities
init.2610eccc-4e39-4a7f-81d0-f5b95c5874e2,Sérum Antitétanique 1500UI Injection,product.categ_products_drug_orders,product,init.bf712910-1c7f-4e72-9d50-6eb5453efcfd,init.bf712910-1c7f-4e72-9d50-6eb5453efcfd,TRUE,TRUE,By Lots,TRUE,Ordered quantities
init.ccc3ef2a-d07d-4b2c-a26c-73024bd5eacf,Smecta Sachet 3g,product.categ_products_drug_orders,product,init.c4b6c7b7-4906-4f76-af51-60ec9a34932e,init.c4b6c7b7-4906-4f76-af51-60ec9a34932e,TRUE,TRUE,By Lots,TRUE,Ordered quantities
init.50edd29c-2e36-4a1a-97e8-ba0dc656aee0,Chlorure de sodium,product.categ_products_drug_orders,product,init.bf712910-1c7f-4e72-9d50-6eb5453efcfd,init.bf712910-1c7f-4e72-9d50-6eb5453efcfd,TRUE,TRUE,By Lots,TRUE,Ordered quantities
init.bb0121c5-b218-4917-88ce-949226160c53,Spasfon Comprimé 80mg,product.categ_products_drug_orders,product,init.391d2a1b-2aec-4bd7-b43b-e294e7f2b9b9,init.391d2a1b-2aec-4bd7-b43b-e294e7f2b9b9,TRUE,TRUE,By Lots,TRUE,Ordered quantities
init.871b78c8-6f21-4e45-b2dc-a5a7f8d0e6b9,Spasfon Lyoc Comprimé 80mg,product.categ_products_drug_orders,product,init.391d2a1b-2aec-4bd7-b43b-e294e7f2b9b9,init.391d2a1b-2aec-4bd7-b43b-e294e7f2b9b9,TRUE,TRUE,By Lots,TRUE,Ordered quantities
init.f47bef11-887f-4597-b953-727f22768830,Spasnol Injection 40mg/0.04mg 4ml,product.categ_products_drug_orders,product,init.bf712910-1c7f-4e72-9d50-6eb5453efcfd,init.bf712910-1c7f-4e72-9d50-6eb5453efcfd,TRUE,TRUE,By Lots,TRUE,Ordered quantities
init.b0fe9fc2-905d-43d3-acdb-b8fc9e5640cf,Gants Stériles,product.categ_products_drug_orders,product,init.c4b6c7b7-4906-4f76-af51-60ec9a34932e,init.c4b6c7b7-4906-4f76-af51-60ec9a34932e,TRUE,TRUE,By Lots,TRUE,Ordered quantities
init.772bc40b-14b0-4f75-9a04-888195513815,Fils de Suture Chirurgicaux,product.categ_products_drug_orders,product,init.c4b6c7b7-4906-4f76-af51-60ec9a34932e,init.c4b6c7b7-4906-4f76-af51-60ec9a34932e,TRUE,TRUE,By Lots,TRUE,Ordered quantities
init.b52aaf8d-d0ed-41ac-bcc1-e89bd38a40a8,Seringue 10ml,product.categ_products_drug_orders,product,init.c4b6c7b7-4906-4f76-af51-60ec9a34932e,init.c4b6c7b7-4906-4f76-af51-60ec9a34932e,TRUE,TRUE,By Lots,TRUE,Ordered quantities
init.b31b8536-27e6-448c-b9f8-eec90b932663,Seringue 20ml,product.categ_products_drug_orders,product,init.c4b6c7b7-4906-4f76-af51-60ec9a34932e,init.c4b6c7b7-4906-4f76-af51-60ec9a34932e,TRUE,TRUE,By Lots,TRUE,Ordered quantities
init.fddb038c-6bb1-4279-9032-e9169d857168,Seringue 2ml,product.categ_products_drug_orders,product,init.c4b6c7b7-4906-4f76-af51-60ec9a34932e,init.c4b6c7b7-4906-4f76-af51-60ec9a34932e,TRUE,TRUE,By Lots,TRUE,Ordered quantities
init.baecc8a6-ad4d-4b67-8b3c-a855dd291d72,Seringue 5ml,product.categ_products_drug_orders,product,init.c4b6c7b7-4906-4f76-af51-60ec9a34932e,init.c4b6c7b7-4906-4f76-af51-60ec9a34932e,TRUE,TRUE,By Lots,TRUE,Ordered quantities
init.d26b6d03-0a86-4e0f-8e5f-5008cc1e5f6f,Tetracycline Onguent 0.01% 5g,product.categ_products_drug_orders,product,init.72262ed3-d3e2-4c94-b4d6-567934107481,init.72262ed3-d3e2-4c94-b4d6-567934107481,TRUE,TRUE,By Lots,TRUE,Ordered quantities
init.6299e34e-ccfd-4e01-a3da-bb091de209ad,Tinidazole Comprimé 500mg,product.categ_products_drug_orders,product,init.391d2a1b-2aec-4bd7-b43b-e294e7f2b9b9,init.391d2a1b-2aec-4bd7-b43b-e294e7f2b9b9,TRUE,TRUE,By Lots,TRUE,Ordered quantities
init.cca31c5b-b052-47ac-bb69-19d284b3f587,Tramadol Injection 100mg/2ml,product.categ_products_drug_orders,product,init.bf712910-1c7f-4e72-9d50-6eb5453efcfd,init.bf712910-1c7f-4e72-9d50-6eb5453efcfd,TRUE,TRUE,By Lots,TRUE,Ordered quantities
init.db7df9f0-3d00-4ace-8143-1254b7b674c2,Trialgic Comprimé 325/200/30mg,product.categ_products_drug_orders,product,init.391d2a1b-2aec-4bd7-b43b-e294e7f2b9b9,init.391d2a1b-2aec-4bd7-b43b-e294e7f2b9b9,TRUE,TRUE,By Lots,TRUE,Ordered quantities
init.1578421e-96e0-425b-9287-622b13a91d78,Tulle Gras,product.categ_products_drug_orders,product,init.c4b6c7b7-4906-4f76-af51-60ec9a34932e,init.c4b6c7b7-4906-4f76-af51-60ec9a34932e,TRUE,TRUE,By Lots,TRUE,Ordered quantities
init.1bcc87b5-1ae9-426b-b0a4-ad5929c00b02,Tulle Gras 10cmx10cm,product.categ_products_drug_orders,product,init.c4b6c7b7-4906-4f76-af51-60ec9a34932e,init.c4b6c7b7-4906-4f76-af51-60ec9a34932e,TRUE,TRUE,By Lots,TRUE,Ordered quantities
init.3c86bb9e-1424-407e-ad2a-6ad453b0ee6e,Lunettes Turkey -0.25,product.categ_products_drug_orders,product,init.c4b6c7b7-4906-4f76-af51-60ec9a34932e,init.c4b6c7b7-4906-4f76-af51-60ec9a34932e,TRUE,TRUE,By Lots,TRUE,Ordered quantities
init.4f8bc2b5-a761-4780-b074-13cbabc42ebb,Lunettes Turkey +0.25,product.categ_products_drug_orders,product,init.c4b6c7b7-4906-4f76-af51-60ec9a34932e,init.c4b6c7b7-4906-4f76-af51-60ec9a34932e,TRUE,TRUE,By Lots,TRUE,Ordered quantities
init.7a88fe4d-3e6b-415c-aedc-69317daaddc1,Lunettes Turkey Planon,product.categ_products_drug_orders,product,init.c4b6c7b7-4906-4f76-af51-60ec9a34932e,init.c4b6c7b7-4906-4f76-af51-60ec9a34932e,TRUE,TRUE,By Lots,TRUE,Ordered quantities
init.fecb6fee-12a6-42d4-9414-a3e607b53e80,Pansement Ombilical,product.categ_products_drug_orders,product,init.c4b6c7b7-4906-4f76-af51-60ec9a34932e,init.c4b6c7b7-4906-4f76-af51-60ec9a34932e,TRUE,TRUE,By Lots,TRUE,Ordered quantities
init.dd3959bc-7671-4e15-a2b5-ed12ecbc154b,Cathéter urinaire,product.categ_products_drug_orders,product,init.c4b6c7b7-4906-4f76-af51-60ec9a34932e,init.c4b6c7b7-4906-4f76-af51-60ec9a34932e,TRUE,TRUE,By Lots,TRUE,Ordered quantities
init.3830c927-c9c9-4cfe-b07f-f546d2f756c7,Sac à urines,product.categ_products_drug_orders,product,init.c4b6c7b7-4906-4f76-af51-60ec9a34932e,init.c4b6c7b7-4906-4f76-af51-60ec9a34932e,TRUE,TRUE,By Lots,TRUE,Ordered quantities
init.08da2277-5bc8-497b-8b09-b5cf31f19153,Bandage Velpeau 10cmx4m,product.categ_products_drug_orders,product,init.c4b6c7b7-4906-4f76-af51-60ec9a34932e,init.c4b6c7b7-4906-4f76-af51-60ec9a34932e,TRUE,TRUE,By Lots,TRUE,Ordered quantities
init.192d569a-8772-45c0-b6b7-f52d267588bf,Comprimé de Complexe de Vitamines B,product.categ_products_drug_orders,product,init.391d2a1b-2aec-4bd7-b43b-e294e7f2b9b9,init.391d2a1b-2aec-4bd7-b43b-e294e7f2b9b9,TRUE,TRUE,By Lots,TRUE,Ordered quantities
init.fd74b4d5-db14-466e-bea8-e211e655dcf7,Injection de Vitamine K 10mg,product.categ_products_drug_orders,product,init.bf712910-1c7f-4e72-9d50-6eb5453efcfd,init.bf712910-1c7f-4e72-9d50-6eb5453efcfd,TRUE,TRUE,By Lots,TRUE,Ordered quantities
init.9c2c5a67-a300-4f57-ab28-dfaab8edd6b3,Eau pour Injection 10ml,product.categ_products_drug_orders,product,init.bf712910-1c7f-4e72-9d50-6eb5453efcfd,init.bf712910-1c7f-4e72-9d50-6eb5453efcfd,TRUE,TRUE,By Lots,TRUE,Ordered quantities
init.59ed05e8-3a56-4ba5-b7cb-d52bd107e388,Sulfate de Zinc Comprimé 20mg,product.categ_products_drug_orders,product,init.391d2a1b-2aec-4bd7-b43b-e294e7f2b9b9,init.391d2a1b-2aec-4bd7-b43b-e294e7f2b9b9,TRUE,TRUE,By Lots,TRUE,Ordered quantities