Uuid," Void/Retire"," Service Name"," Short Name"," Concept"," Service Type"," Service Status"
16b7aa70-60bb-49fc-9468-80d4b83dad2f,,"C-Reactive Protein (CRP)","CRP","2256edbd-48d5-42bf-a513-3e47bf9956be","Lab Test"," Enabled"
f1a913cb-5be1-40f6-80f4-6687885996d4,,"General Examination","G.E","71455af3-c07f-4cf9-a167-9395cc571e29","Lab Test"," Enabled"
6d9ab860-8b67-40aa-9d7c-c062f17fe8b4,,"Urine Examination","ECBU","81547f17-4158-4298-a4c8-13774bca451f","Lab Test"," Enabled"
c914ab66-c636-4c3e-9d02-735ccbd5daed,,"Urea","UREA","f5d327b0-78c3-4c43-9dc8-fabd07f7470f","Lab Test"," Enabled"
f75e3e24-cc83-4438-82a1-d3c501291776,,"Hepatitis B Surface Antigen","AGHBS","994a7405-6f74-41c0-95b1-4e52f0aeb85b","Lab Test"," Enabled"
74c6c4f0-276b-4cce-89ea-fa45ef1f74c8,,"HIV Antibody Test","ACHVC","5a6dc868-6d3a-4498-8df4-7fe90b8fb44b","Lab Test"," Enabled"
fd288550-9ac9-4734-b09c-affb02f19e79,,"Pregnancy Test","Pregnancy Test","d615ae27-569a-4a20-9fa8-af99c723d240","Lab Test"," Enabled"
368594d9-b2ee-43b0-8850-1bd9c112b306,,"Arthritis Test","ARITRITEST","9cbce4be-f9bd-4179-9fa6-f101a241fb97","Lab Test"," Enabled"
b0234149-b4f1-47a7-93cb-0994c82b4192,,"Cholesterol","CHOL","1006AAAAAAAAAAAAAAAAAAAAAAAAAAAAAAAA","Lab Test"," Enabled"
2f1daa33-f3d3-4adb-a1c7-f26c8c047602,,"Complete Blood Count (CBC)","CBC","1019AAAAAAAAAAAAAAAAAAAAAAAAAAAAAAAA","Lab Test"," Enabled"
96b170de-30fb-413c-9c23-b9cad345c65a,,"Creatinine","CREAT","790AAAAAAAAAAAAAAAAAAAAAAAAAAAAAAAAA","Lab Test"," Enabled"
93019c9f-b8d9-4eb0-b17f-fa64a3ac32a7,,"Widal Test","SERO-WIDAL","306AAAAAAAAAAAAAAAAAAAAAAAAAAAAAAAAA","Lab Test"," Enabled"
5a4cfc37-db80-47f9-97d6-3c4be864aeb8,,"Aspartate Aminotransferase (AST)","GOT","653AAAAAAAAAAAAAAAAAAAAAAAAAAAAAAAAA","Lab Test"," Enabled"
1022afc6-758a-4d53-8d06-45b4284f51b1,,"Alanine Aminotransferase (ALT)","GPT","654AAAAAAAAAAAAAAAAAAAAAAAAAAAAAAAAA","Lab Test"," Enabled"
2a7a87e1-6df2-45c6-bb97-d2951b6204f9,,"Phosphatase Alkaline (ALP)","PAL","785AAAAAAAAAAAAAAAAAAAAAAAAAAAAAAAAA","Lab Test"," Enabled"
3e81a07c-cebe-4e5a-ae4d-d7a8e14cb666,,"Blood Glucose","GLYCEMIE","887AAAAAAAAAAAAAAAAAAAAAAAAAAAAAAAAA","Lab Test"," Enabled"
1b970701-8bb4-42b9-9149-c3e09cd96f7e,,"Stool Examination","Stool Exam","304AAAAAAAAAAAAAAAAAAAAAAAAAAAAAAAAA","Lab Test"," Enabled"
dac5ef1c-c90f-4477-8524-020f7015cbbb,,"Cesarean Section",,"6115ac05-106f-49d1-9e18-ebd79a502bbf","Procedure"," Enabled"
7258a3af-d721-41ce-99ac-5a1e074ce655,,"ECG (Electrocardiogram)",,"88c3c0fa-bdf8-4fbb-88ab-527f9b4a5882","Procedure"," Enabled"
676e7150-7373-49d0-adb5-cd136f450e11,,"Intravenous Injection (IVD)",,"8fbd1c67-58a2-4408-8d83-2ce3807a5970","Procedure"," Enabled"
27a60c0e-ec8f-4f90-9405-146aef508b1c,,"Injection into the Retina (IR)",,"b78a1be6-322f-45ef-b070-4b41b1e82ba0","Procedure"," Enabled"
e074a19d-6e7d-4d41-b4ed-f31822898a0f,,"Dental Consultation",,"75d3d2a9-5c73-488c-b67b-eaf0365e16df","Procedure"," Enabled"
eaa11427-25b6-40ba-84f4-64f2ef6d6bf3,,"General Practitioner Consultation",,"d19b002e-b743-4600-801a-672e9c6a25ba","Procedure"," Enabled"
bf3e1e6b-429a-4c6e-8b7a-0c98369df9a2,,"Ophthalmology Consultation",,"dd87bee2-c1b3-4da4-a1d3-3f58dfc27d21","Procedure"," Enabled"
9c724607-bc7c-4bb2-b609-d0085802dbb1,,"Simple Suturing",,"530bd30e-0112-4287-9542-af23507003c9","Procedure"," Enabled"
bf3e1e6b-429a-4c6e-8b7a-0c98369df9a2,,"Complex Suturing",,"bf1afed8-3627-45d8-838b-d13775c4af21","Procedure"," Enabled"
b8c4e0ae-61a8-4f7d-8cc3-c0ca26012627,,"Local Care",,"f27a0f4e-4422-44ba-aae3-3337618a2919","Procedure"," Enabled"
8dc8fb70-af05-416b-9dec-db48c8c885aa,,"Venous Access Insertion",,"32a4e23c-3ed0-4547-b87f-07bb8dee576f","Procedure"," Enabled"
e6dc3bdb-0383-4a74-9a4f-4cb2d7160297,,"Infusion Placement",,"568a02e8-0c10-4cc0-a363-155d491df1bb","Procedure"," Enabled"
d2ee0e4d-0bc6-423d-8b87-258465d2d1fb,,"Abscess Incision",,"ef13484a-2a8c-4240-abbc-0efc01e00a7e","Procedure"," Enabled"
5614f1c3-665d-4ec4-b6c7-2819875dddb4,,"Plaster Splint",,"8204c91b-b60c-46fb-bfd1-9b32b4d9794a","Procedure"," Enabled"
e0c352a1-6c83-4198-a459-aef7ad0d1029,,"Circumcision",,"fd243a64-6a45-4084-8920-cba1746c489d","Procedure"," Enabled"
b8fd020d-0d53-41f7-80e9-7fd89c631b27,,"Circumcision with General Anesthesia",,"5d073dfc-3c81-40e5-898d-022f45a306e4","Procedure"," Enabled"
77e345ec-2956-4ab3-9b0a-7f9c32e8bb81,,"Circumcision with Local Anesthesia",,"36a381d9-18c8-476b-8dd5-45c071a2caa5","Procedure"," Enabled"
b804976f-5a7b-4cde-918a-1302b4955aa4,,"Plaster Casting",,"c70ffa17-3201-4a2d-832e-7291610b0842","Procedure"," Enabled"
77e345ec-2956-4ab3-9b0a-7f9c32e8bb81,,"Delivery with Episiotomy",,"15902f14-f2dc-497d-aa4f-15e980ee1b38","Procedure"," Enabled"
6f3b95a3-4902-45f1-bcd6-e9a5da206ff1,,"Acefen 10 CES",,"b72bc0a5-6330-4f1a-9dc5-f6ac7952133a","Drug"," Enabled"
be92232f-cf41-4f68-99a0-09b619cba358,,"Acefen 30 CES",,"843f9b90-e154-4230-86b1-d255ae871f34","Drug"," Enabled"
edacd685-d8bc-4613-8c16-f418471cb23c,,"Aerius",,"f3fe3779-9538-4e9e-bf4f-d6e01151896c","Drug"," Enabled"
64568a67-a0eb-4569-86d9-f1ae64c36b1f,,"Albendazole 200MG",,"6ab8b0ed-1e95-4868-9b53-a0c0b2fc813b","Drug"," Enabled"
a75e1835-eaff-47df-906c-243b8de40147,,"Albendazole 400MG",,"51384889-1c2c-45cb-87cd-63092bc0348b","Drug"," Enabled"
fdfa6c96-2384-4b30-9e0c-9f054b3056cb,,"Algesal",,"b754b0ec-9a74-4846-bdf9-2113d80506f3","Drug"," Enabled"
d00179a5-5113-452c-a892-a38d08044eae,,"Aminophilline",,"9bcac750-027c-4f42-bc02-48e61e0dbb0b","Drug"," Enabled"
46ab6631-a6df-4f92-8d21-fab47ea8912c,,"Aminosidine",,"4ad4b397-5a07-41fc-a607-5d3fb98bdfef","Drug"," Enabled"
89bedb18-76bd-4db9-a9a0-efd33d43f3e6,,"Amoxycilline 125MG/5ML",,"8a927544-e0fb-41c7-8b3a-29f565f684ce","Drug"," Enabled"
8b904e6f-34d2-45b0-bacf-b06003939390,,"Amoxycilline 250MG/5ML",,"2615bc39-2d4a-48ad-944e-c19e87255882","Drug"," Enabled"
4a11cef6-2513-416b-a4d3-ad7912fa4cd5,,"Amoxycilline 12 GELULES",,"c1aed9e9-a5b3-47da-927e-852b18b58381","Drug"," Enabled"
061322da-2ed8-4a37-a75c-18f204e40cf9,,"Antalgex",,"2949abb6-2a89-4d0b-93f0-83e807594f28","Drug"," Enabled"
73b038f6-666c-4f96-9b28-ee9ce4ffa143,,"Astaph",,"16ac63d3-a6a2-440d-b76c-5af65a4c0d6a","Drug"," Enabled"
1de5e84e-d3fe-4993-81ee-66e8f0bd15c8,,"Ataktan",,"a733fcfd-86de-4ec6-8cf7-d68db2ada5a3","Drug"," Enabled"
84f603bf-85c6-465b-97bb-78e672952c56,,"Azithromycine 3 CES",,"27d51e4d-e0fa-4fa5-b378-5398828a78ac","Drug"," Enabled"
9beb518f-7669-49b8-b79a-740b64412fa5,,"Azithromycine 15ML",,"e803280e-157c-4dcb-ba9b-f7c3fa8f7e49","Drug"," Enabled"
e629fe57-cef5-470d-8127-8223ef41bb78,,"Bande De Velpeau 10CM",,"d3732fa9-379e-4a4b-aff6-19e006478f92","Drug"," Enabled"
edd6f31a-9ea1-49b8-b73f-2c574c589bab,,"Bande De Velpeau 15CM",,"07a0299c-f755-4c11-8632-e35994afb6a6","Drug"," Enabled"
73b11183-d1a9-49cb-ac81-73f1e68965e0,,"Bande De Velpeau 20CM",,"b6ba820c-a847-44de-adaf-296b802e5ac2","Drug"," Enabled"
32571df2-85f5-4eb5-aa81-dfac14cbf05b,,"Bande Ombilicale",,"c7a0a4de-636e-4068-855e-575b92269e66","Drug"," Enabled"
d32f0ea9-eb0a-4116-af77-071379a91d12,,"Bande Ombilicale Somos Bb",,"320f40ab-0631-40c5-bfb9-91a131fb8fe4","Drug"," Enabled"
0901c714-b2b7-4a14-b612-1a9ae88658d5,,"Bande Platree",,"03544a27-f811-4726-b0c3-45f52a83f67a","Drug"," Enabled"
2f293cab-5bf4-4382-825e-60e47155db93,,"Bande Velpeau (De Crepe)",,"526f14f5-a54c-41d4-a414-1bbab4d0af4e","Drug"," Enabled"
38fd6e14-a2af-45ee-9660-c8cd1991728b,,"Benzoate De Benzyl",,"7b3a7fd2-bd5a-430f-a1ed-375c389e98d8","Drug"," Enabled"
4eaf73da-eb91-4aa1-b6ce-9b36b9a8aec2,,"Betadine",,"7d6c89e3-08cd-4184-821a-84144da3d382","Drug"," Enabled"
9166efaa-8198-46f2-8513-bff7cf6d74ce,,"Bronchathiol Adulte",,"5d02b07e-717b-47e3-b058-fe4c584a512c","Drug"," Enabled"
e1feb360-e39b-46dd-a74d-1b20c12b6927,,"Candid V3",,"32d6aa7f-de22-49c1-af63-628c064ca470","Drug"," Enabled"
0bbe7d84-c5bd-4dca-85fb-e8c74c239cdd,,"Candid V6",,"b1eea7c8-5ac7-46cf-a87c-a0b75d06737a","Drug"," Enabled"
c81a4e82-5b2d-4785-8e99-da6325842da9,,"Captopril",,"b0984cee-d402-4be6-bea4-aa39446e13ee","Drug"," Enabled"
4603e746-38fe-4769-9412-003ccdde0760,,"Carbamazepine",,"3e1bb879-b37e-43a3-aca2-936366a7c85c","Drug"," Enabled"
cba51223-f648-4b73-b7cf-708722d591f9,,"Cardiurine",,"7841924c-1e97-4104-97b0-69cedf261a0d","Drug"," Enabled"
cafdb0d6-1d11-4032-bb06-d6f9249fc418,,"Catheter G16",,"d88747a1-7540-471b-95f4-4ddd58183d70","Drug"," Enabled"
a6daddb1-c9f1-4a13-bbeb-32bc1352e799,,"Catheter G18",,"8929db43-5f6d-4e59-bf00-4618fac97572","Drug"," Enabled"
fdf99823-59dc-4d65-aaf2-aa248ff4c020,,"Catheter G20",,"c6073f25-0515-426c-b311-71ed6b0b0365","Drug"," Enabled"
0d43fd95-e38b-4ee8-b186-c94679f00c98,,"Catheter G22",,"a335d8b1-890f-444f-b483-f0260f97b444","Drug"," Enabled"
fcf72a73-b139-47d5-ba38-f25bbb049843,,"Catheter G24",,"2ba85b40-9ed4-4c9b-a331-dc27f77d0ef9","Drug"," Enabled"
ac96d251-807f-43ce-b5cf-a726d0057e25,,"Cefixime",,"086a4f7f-3ca4-4e41-8708-9177e047aec8","Drug"," Enabled"
c4376bda-7c7c-47d5-ab66-f1abb8b60193,,"Celestene",,"f0001f3c-f6de-4153-9f84-3915718bf1f2","Drug"," Enabled"
03985aca-b1f1-4951-a510-95f1ef386371,,"Centacid",,"6db962f7-f5a5-47b6-b423-1448237b63db","Drug"," Enabled"
36a6837b-b1cc-4021-879a-9cfa0e340ddd,,"Cetirizine 10 CES",,"a799a93f-357c-4838-8f5a-2868b43002fe","Drug"," Enabled"
39b38d1c-848b-419b-adcd-f4096235a70a,,"Cetirizine 60ML",,"9d2d75a8-eecd-4f75-a188-6d2bcdf8aa1d","Drug"," Enabled"
74c9ba0a-f549-4127-bb19-4b7cb51ee2a9,,"Chloramphenicol 60ML",,"c1f81d99-8a91-4ea5-bfbf-ba9f4d8a713f","Drug"," Enabled"
eed0974f-f948-428d-b2b7-c20ac9e5dc83,,"Chloramphenicol 10ML",,"3489698d-1402-4b9d-aff3-f83d519d9e9c","Drug"," Enabled"
30379576-3847-4d18-99b4-967c2f8786b5,,"Chlorpheniramine 10 CES",,"2d2262bc-7af8-4511-ad29-100eb6a2524e","Drug"," Enabled"
e6554ab2-fb10-4a35-98d3-da52a97d3ade,,"Chlorpheniramine 100ML",,"0997ce4f-6938-4f78-b9bb-c125eb98c052","Drug"," Enabled"
5952a6f2-ed83-4ded-a8b1-c1ab043a1cff,,"Ciprofloxacine 10 CES",,"767ea96f-4c45-4cdc-b976-1d0a2f7fadba","Drug"," Enabled"
5291c9a0-f83e-42eb-a9ca-21a3860957a1,,"Ciprofloxacine FL 5ML",,"5e94f7a9-5e08-4d4b-b2dc-f6f11eef9710","Drug"," Enabled"
95e23548-3aa1-4fc0-9580-009d37b7c8e2,,"Clarithromycine",,"246c1453-15d1-4f60-b939-7fa5a7fc6e86","Drug"," Enabled"
149df975-09ca-42a3-a125-73cbed9fd6d9,,"Clavox 16 CES",,"3db0f154-90a6-485b-8d23-46ef550661ea","Drug"," Enabled"
2059d776-fde4-4c1e-b7ea-6bb1c8bd61ad,,"Clavox 70ML",,"bfa84ce6-1fe0-4c7f-9ab6-9b262208c4a1","Drug"," Enabled"
2686637f-fc45-43bf-a49e-6e09c83a8fa5,,"Clofains",,"a93eef55-5b94-4c64-933d-189b110f9daf","Drug"," Enabled"
51369146-1dfe-488a-a67f-c01d4bdceae2,,"Cloxacilline 16 GELULES",,"271374e5-b465-45b8-8fd6-45aaec1aad05","Drug"," Enabled"
080d4355-e997-41ba-8ded-35b53826b004,,"Cloxacilline 100ML",,"abec5197-0266-4db0-bfd3-a638f7ec807a","Drug"," Enabled"
4d391f7b-3fe3-4cca-8cbf-ddb7a1c339c5,,"Compresses",,"171d7775-a89b-480a-b382-b9dd0ebc8c5a","Drug"," Enabled"
43eb58f4-1c48-495b-9914-dd7d944dd945,,"Cotrimoxazole",,"7aca944d-a69a-413f-b5f2-f248ba7234e3","Drug"," Enabled"
8933bbca-4a4e-4f84-a803-3c5a82d2a86e,,"Dafrazol",,"efc7cdcf-2158-4221-8b04-18810f943a15","Drug"," Enabled"
2fd45dd1-ac47-4089-b9a6-d36057d4cc0d,,"Decontractyl",,"6a44f7f9-3572-4f23-846f-db7005d5bec2","Drug"," Enabled"
8c083c34-0971-4ead-9d32-6b04ac6785e4,,"Depakine 40 CES",,"4ba7e561-be4e-4d18-b7cf-8d2d24cb066e","Drug"," Enabled"
635209b4-4a2a-411e-8e6f-7d283bbb4b57,,"Depakine 150ML",,"eff7167f-92e5-4d2b-8ee5-7dd4c3f1eae0","Drug"," Enabled"
b5b73299-cb66-4564-925b-cb214d4ad21e,,"Dermobacter",,"2dffe27f-8b8c-47ed-91d5-7a1814a49241","Drug"," Enabled"
30e04960-fc4a-417b-b703-56a0df69aace,,"Desloratadine",,"b2841f7e-c3da-41e9-be17-74f4b67c8c42","Drug"," Enabled"
4a98bc24-367f-42da-9d31-a4daf3da880b,,"Deslova 10 CES",,"818665c1-8278-4080-bc46-bae0e1892021","Drug"," Enabled"
ab745bee-7f0f-4beb-8ec3-4a66d94ff675,,"Deslova 60ML",,"87bb8a69-46a8-4e96-ac9c-fc084778f41f","Drug"," Enabled"
f3604b96-48b7-4ac9-969a-510bc3378487,,"Diagone",,"b6ffe15c-feeb-4f04-bf59-6d3ea10af361","Drug"," Enabled"
ff8b72f4-5615-4bb3-a50e-63ae5b3f13c5,,"Diazepam",,"11fd1dac-5640-428c-a1ed-87c10863008c","Drug"," Enabled"
f743e5c2-5e93-43b5-a7bd-5b10bf8e1313,,"Diclofenac Pde Dermique",,"f1266ac9-cec6-467a-bb39-1aa136c1238c","Drug"," Enabled"
f9388e58-f306-40bb-a011-01490799299e,,"Diclofenac Retard",,"2e2f1f9f-bd43-4a49-aacc-7c368355e544","Drug"," Enabled"
64ce1f1d-ff57-4105-887c-d9452351b34e,,"Dicynone",,"7478138f-d626-4e5e-bcf9-89fe8f9de784","Drug"," Enabled"
e9ed75e3-1003-4e60-8cbe-f344d99d81b3,,"Difenasol",,"cd25f1df-ac66-4d45-8d38-42ef4755b61a","Drug"," Enabled"
c3410912-2868-4e73-9330-0ec5800711b5,,"Domperidone 10MG",,"c579f271-8ca3-4f7b-817e-19ed2be13822","Drug"," Enabled"
af3de2f0-66e9-4adb-bb8b-2e5e04cef60f,,"Domperidone 1MG/1ML",,"8606b97d-ca12-4b53-8004-c6ede8fd0ddd","Drug"," Enabled"
fb0169ad-d3b6-43c4-bb8d-2960f5301896,,"Doxy",,"1c3af468-38ca-498c-911d-b857262ffd50","Drug"," Enabled"
f915fdba-9c0f-4761-a89e-ffde4a57fa03,,"Duphalac",,"348eb03f-ccc1-473c-9465-857a9bc63f38","Drug"," Enabled"
dc0036b3-f532-4c57-9eed-e4e9f1788b36,,"Duphaston",,"da6849d8-6d6a-4b97-9abd-31c96aa7fda1","Drug"," Enabled"
6e9a325f-6ea3-482a-b2b7-edcf37422cad,,"Duspatalin",,"3ec43c2f-c7de-4002-9494-23d93bc67f13","Drug"," Enabled"
11cd6bbd-0799-4793-8e9b-67da7bcc5e36,,"Dynamogen",,"9fe0e82e-0a16-4f46-b663-f8d84433a246","Drug"," Enabled"
5945586d-9e0c-44ad-8fb9-ced83fac3ff6,,"Eau Oxygene",,"282a2b5d-1db1-43cc-a74c-0bd273efbff1","Drug"," Enabled"
4ca04f53-a2d5-41a9-8fcf-0a0e60e2e4da,,"Eau Pour Preparation Injectable",,"bffd91d3-07d2-49fc-b369-3ed7186d052c","Drug"," Enabled"
6a06b8d9-74f2-4688-b0b2-4ebad624682f,,"Echographie",,"93dcb06b-e0cb-4ac0-a76d-a53158ea42ac","Drug"," Enabled"
58e90141-40bd-43e4-ab5b-a7f746c51d95,,"Efferalgan",,"889e0257-e1c1-4d7a-8d74-530cfbe82bae","Drug"," Enabled"
d7217a8e-038e-4f56-a513-913bb59dd0c5,,"Erythromycine",,"e571cea1-a12d-4778-9c16-471e155c0daa","Drug"," Enabled"
0580f611-40ae-4d89-a698-bbc33a86e28a,,"Esomeprazole",,"4684a2fe-eed5-4360-a79c-7adc2b83fe95","Drug"," Enabled"
8e592ef8-6d61-46fd-ba41-9e6ebd3b4722,,"Exxib",,"452cb737-d962-4881-8a05-857821525362","Drug"," Enabled"
1a3b8735-c522-4b26-8bbb-398014e2d47e,,"Fercefol 100/4/200MG",,"667a8964-ed8e-4c75-9d9a-e33c1641a86f","Drug"," Enabled"
913662f3-18b9-4664-a9e1-74be7436fa41,,"Fercefol 50MG/2MG/100MG",,"77b21b3c-1a00-4b26-8cef-3ea41c49c1bd","Drug"," Enabled"
bf33e85b-2917-445f-a04f-3bd008f3c531,,"Flacon Selle",,"200e9e8e-fd25-41fa-b0e0-ef2aa5b2f2f8","Drug"," Enabled"
1e7554fa-6ec3-4716-ac8a-1f2786a7791f,,"Flacons Vides",,"4db4147e-5f4c-4acb-a673-f194590a8fd2","Drug"," Enabled"
c9323ea8-e2e8-4621-ae2a-b298cd9c1800,,"Flexdol",,"286fa2d1-9b13-4919-81a4-9ec766cfed7f","Drug"," Enabled"
9a19c7af-728e-459b-b8a4-d0a51d34ce91,,"Floxsol",,"0e854791-c441-42c8-a92e-0aebf0b897ec","Drug"," Enabled"
f727a2ac-b0c7-458f-b80d-8d5a31256293,,"Flucazol 100MG",,"7b5a9be1-419b-413d-8a83-3e17107bbfa0","Drug"," Enabled"
ab8d8558-b699-4c64-bc4c-6681a565f604,,"Flucazol 50MG/5ML",,"4f2b2e04-39c9-4273-8b84-6e0665f68013","Drug"," Enabled"
5e934dbf-714d-425f-9aca-1542b7b4fcae,,"Fucidine 0.02 TBE",,"0b96c89e-56c6-43ce-aa26-62d991e822bd","Drug"," Enabled"
100bf3f0-640b-455c-a5a9-1fe37edb8a61,,"Fucidine 250MG",,"4912406b-8134-402e-9c59-f8df3aefd6a1","Drug"," Enabled"
6c061339-2837-4d31-bd41-7c5db918e6ab,,"Fucidine FL 90ML",,"105a6e1e-e92c-4ad0-a340-6458cfceb887","Drug"," Enabled"
49492619-8aff-48a4-a44f-113bfb785ac6,,"Gamalate",,"6400ed64-91a0-4036-bb2f-5866fe64d525","Drug"," Enabled"
bdb214d4-79b0-4733-81e4-a1c2d95bbcda,,"Gants Propres (D'examen)",,"9b5316ea-0ad3-4ed1-bc92-cc539e2ab9a8","Drug"," Enabled"
37395ff5-2df9-4b7d-a668-51c01e231a55,,"Gentamycine",,"58437596-3941-4f13-8e72-a1759fff307a","Drug"," Enabled"
4f0760b0-4010-44a6-95ff-f678286d1b41,,"Glucophage",,"7b55ff58-9ca0-49cc-ba96-4259eb64f7d9","Drug"," Enabled"
ba309a54-6fb2-44a1-8e6d-13af5e3177ba,,"Gynagon",,"38c2f985-4d9e-4463-ac0d-b9efe42c32c7","Drug"," Enabled"
27544d31-aa0a-4b13-8706-cb4ef6465a7d,,"Haloperidol",,"90421605-8346-45c7-be82-16777493d7a3","Drug"," Enabled"
1fde6983-14d7-4f32-92a3-c5a758184f55,,"Ibuprofen",,"b24bdd09-c4ca-40a2-9667-55de242ab5d8","Drug"," Enabled"
dc6674c7-78f2-4ced-a478-7a20844d662d,,"Ibuprofen Denk",,"e61b3933-54b9-4e82-9ed1-fe95f68e0f25","Drug"," Enabled"
e8bfbc57-4bee-4551-aa83-74e5c9e1df69,,"Incision D'abces Chaud",,"52b9a936-a3e6-4b8b-baee-2ff8da28ca68","Drug"," Enabled"
cabf80b0-f102-4e7d-89af-89a5d148c12f,,"Kemoxyl+F 250MG/250MG",,"276bdefc-0cee-4088-8dc9-fe005f41f022","Drug"," Enabled"
24277bbb-8808-4842-b9ae-af389b73be49,,"Kemoxyl+F 125MG/125MG",,"c183bc48-09c2-483a-b1f5-2b89ab2427ab","Drug"," Enabled"
8ceb50d5-2a3a-40bf-9682-7b219a798647,,"Ketoconazole BTE 10",,"75037c7f-a2d8-4bb6-b71b-0e83fbb5bb6f","Drug"," Enabled"
5c9b86f7-0ac9-472a-955a-4a9b62484e12,,"Ketoconazole TBE 15G",,"3db2d869-0887-476b-b0b2-6dc5e90aceb3","Drug"," Enabled"
4187b8e8-d14c-42af-a449-97b7903907ec,,"Loaktan",,"864bd580-6f08-473b-9f48-c6820bd9efa3","Drug"," Enabled"
87236747-83d8-4b4c-96ab-d734d579017d,,"Loaktan-H",,"039b911e-7516-4f60-acc4-0c41cdb8ed64","Drug"," Enabled"
74aaaf42-941f-4ff5-9fc1-42b62ca3113f,,"Metformin Denk",,"c7caeab5-72f6-4597-ab36-8ab11cb1643c","Drug"," Enabled"
9ae4169f-3b08-4b29-937e-240f2f1343b6,,"Metronidazole",,"ba921c0d-52d9-4f5c-beaf-1dbfed9cd1bc","Drug"," Enabled"
c3fff1a1-d2e5-486e-a153-96a0ada62fb2,,"Miconazole",,"889e93d7-a2f5-4175-b5ac-9cebc166104e","Drug"," Enabled"
2f2de4eb-f1d9-4a76-99c7-74b770dd4810,,"Montelova Adulte",,"4f009d09-f970-46cf-9c9c-621280fb2582","Drug"," Enabled"
5367dbb5-929d-44aa-9d3c-6b5830751210,,"Multivitamine BTE 20",,"af53308a-5668-457a-aa19-f10090cb7263","Drug"," Enabled"
2b156205-0cca-4361-8b88-1e0cd47925a4,,"Multivitamine 100ML",,"0d2152eb-cb5f-4c0d-bec9-bcbf2160bce1","Drug"," Enabled"
3c9f8ab8-d832-45be-aa7f-7fe3ef9bcd76,,"Neo-Medrol Acne",,"40e5b983-f77c-4c58-955b-9d302997d91b","Drug"," Enabled"
a9d4ffda-ccdb-4955-95e0-5a84b8436917,,"Neomdexsol",,"df34cf52-681d-4d16-b5ba-2c7f04189352","Drug"," Enabled"
0955da27-005f-4f60-8876-68d62e289f71,,"Neurotin",,"d042b800-ca5c-44a9-888b-935497477c17","Drug"," Enabled"
d694d9ba-608b-4bf0-a6f8-b0d84f12184f,,"Nifedipine",,"05070980-a83c-4ec2-92b8-980281a86c77","Drug"," Enabled"
fbdb17e1-adfc-4cb9-bc6b-1912d0f28ad1,,"Nucleo Cmp",,"389f775a-2063-4212-8d9f-62cc8642b03d","Drug"," Enabled"
0582aba8-254c-472e-a04a-2b121d047a36,,"Nystatine",,"235ddeb0-7f38-4801-964a-2270f101d68b","Drug"," Enabled"
08c71e8e-8290-4d7c-a7e4-d1586e192e0d,,"Omeprazol",,"1e029154-94f9-4ab3-b028-b875f183c1c3","Drug"," Enabled"
8cfb643b-b913-4748-9817-006bce409679,,"Optadex-N",,"4a819c37-c520-49f1-8b70-f3200fdfc91e","Drug"," Enabled"
32da65b8-ff97-4811-8368-72bfc0b1c3eb,,"Paracetamol 100MG",,"90ee1477-d8d5-486f-a61e-09da1a948a5e","Drug"," Enabled"
b58b992a-e12b-400e-b127-21bc3e1cfa1d,,"Paracetamol 125MG/5ML",,"d3410902-3c0e-48ba-b1ec-527fedd52979","Drug"," Enabled"
ebc8ff59-a139-457e-94f8-adf98174e284,,"Penicilline V",,"be25c964-8796-4733-b993-09dc14da45ae","Drug"," Enabled"
9e19f659-f72b-4523-b440-b6e7822dfc5d,,"Physiodose",,"958e4d4b-5f02-4a9f-82f1-d759b11b961d","Drug"," Enabled"
da7a7720-3ca5-47a7-b78c-cd33a8ec4bd5,,"Polyginax",,"0ec824d0-82ab-49ba-b895-29ce5cc16500","Drug"," Enabled"
d2c05f84-8d3f-431b-978d-00794457fb73,,"Potenciator",,"b6182250-0bc7-4993-98d8-c06beb02475f","Drug"," Enabled"
a3c62323-2a46-405b-8895-f5178cd2a447,,"Quinine 300MG",,"db1809e2-3269-4d05-9d2f-2ba4cadda181","Drug"," Enabled"
57ea8fe0-3527-45a9-bf60-9f243db5e500,,"Quinine 500MG",,"7efb5a82-9c4e-461e-ba1b-a3606acf576f","Drug"," Enabled"
9d00f6f4-e03f-4a08-8c91-9c4ce8c88b65,,"Salbutamol 4MG",,"1648c4a4-017c-402f-8a8c-2fc13c12f0d9","Drug"," Enabled"
97c22aec-478f-4f71-bb32-eaf2cb02363d,,"Salbutamol 2MG/5ML",,"3b65bb02-b57d-4870-853d-0a329a5fb05e","Drug"," Enabled"
3a9225c6-2494-4f7a-bdd1-3b8a820cdd71,,"Sekisan",,"d5718b52-28e1-4f42-b042-af625f21b949","Drug"," Enabled"
c7cee400-a679-4d8d-a227-1466a9c2c74f,,"Seringue A Insuline 0.3ML",,"48d801a2-8a3b-40de-a642-335f3d8fcf8f","Drug"," Enabled"
d0476836-902b-47a9-b206-16367d32b341,,"Seringue A Insuline 0.5ML",,"90b1d132-4986-4d3e-926f-6d8420f7060f","Drug"," Enabled"
29c70085-20bb-4a90-807f-5d4410bc5f9d,,"Seringue A Insuline 1ML",,"5a7f862d-be7f-475e-b1e3-a4fa172caf2a","Drug"," Enabled"
aeabdf6c-1597-4069-9790-aa68cc1e0a63,,"Seringue A U U 10ML",,"d3101837-a5c6-4e29-a549-f4c64c51e013","Drug"," Enabled"
09e8a7b6-8df1-4359-bd11-9384104b1a51,,"Seringue A U U 20ML",,"8c61c277-77da-4a4b-a5c6-946b8897d514","Drug"," Enabled"
8fc8cc04-03f6-4ce7-8a4c-d4572e1ba2b6,,"Seringue A U U 2ML",,"85987a2b-a140-4518-ad3e-9b762ca3ffc2","Drug"," Enabled"
459ce6c3-d1ee-49b2-80eb-1a013fc5d9da,,"Seringue A U U 5ML",,"8f3e2712-baa2-465c-9f74-5c4670731a6a","Drug"," Enabled"
2854e0ae-1d91-4613-b71e-4929ba908d62,,"Seringue A Uu 50ML",,"77ae5f1d-691d-4e4b-877e-cea617d4ef5d","Drug"," Enabled"
f20ecab5-5ffe-416d-951f-c37d0bf09b33,,"Smecta",,"e505f178-8a08-4be2-aa76-0a7a7af3a62f","Drug"," Enabled"
8605aba3-dd54-4dcd-bfc5-85b380f120d6,,"Vaccinostyle",,"ace35357-4462-41b6-a850-082d2c781145","Drug"," Enabled"
7a4d699b-7147-438f-8ab6-c9cd2d94fa70,,"Ac Fenac",,"70278349-b42d-405b-9221-a46a4c5b4e7f","Drug"," Enabled"
f814a637-31c8-4225-99ee-27e1783416ef,,"Aceclofenac",,"d2b941fc-66db-41d7-a679-9b858af677ad","Drug"," Enabled"