Iraq,Ninawa,Mosul,Al Ayadya%e7LLNpajpID
Iraq,Ninawa,Mosul,Al Bosaif%ay9g9DNz6Yp
Iraq,Ninawa,Mosul,Al Jazaer%Fr6wsGwvBzJ
Iraq,Ninawa,Mosul,Al Karama%otvQkWMvpdg
Iraq,Ninawa,Mosul,Al Mothana%JYJLSO5K4l3
Iraq,Ninawa,Mosul,Al Nabi Younis%dK300vUEXvL
Iraq,Ninawa,Mosul,Al Qawsyat%yuGLXieIfQx
Iraq,Ninawa,Mosul,Al Rashedia%YMpHuIRF8gv
Iraq,Ninawa,Mosul,Al Sahaji%OPknqfhDk6G
Iraq,Ninawa,Mosul,Al Salamya%lHjajmifGbd
Iraq,Ninawa,Mosul,Al Shora%knCzBh2yifw
Iraq,Ninawa,Mosul,Al Sokar%OgMTk1PF5Q1
Iraq,Ninawa,Mosul,Al Zahra%C7yH8G4nll9
Iraq,Ninawa,Mosul,Al-Abar%iOWEmnyf1Ax
Iraq,Ninawa,Mosul,Al-Adba%aT88ACwdQ6N
Iraq,Ninawa,Mosul,Alamel%LXg7DnEDQUo
Iraq,Ninawa,Mosul,Al-Araby%sMAzREkkd0p
Iraq,Ninawa,Mosul,Alathba%EOhX5MMxCMt
Iraq,Ninawa,Mosul,Al-Auraiby%kMwPVZ0TZsx
Iraq,Ninawa,Mosul,Al-Baaj%lLTlLUcccUy
Iraq,Ninawa,Mosul,Al-Bakeer%byBgyEvMQSj
Iraq,Ninawa,Mosul,Al-Dandan%qLHar66R0S2
Iraq,Ninawa,Mosul,Al-Ekhaa%cFt5NOuqxS8
Iraq,Ninawa,Mosul,Al-Ektasadeen%nMXOQVsaGhf
Iraq,Ninawa,Mosul,Al-Entesar%zZxLzBTgIQK
Iraq,Ninawa,Mosul,Aleslaah%svrRLeYosaX
Iraq,Ninawa,Mosul,Al-Faroak%c6VKochuXsy
Iraq,Ninawa,Mosul,Alflah%LlawKa6Q6mN
Iraq,Ninawa,Mosul,Algosq%uPcRxtCANRh
Iraq,Ninawa,Mosul,Algzlany%AXGscR7kTca
Iraq,Ninawa,Mosul,Al-Hadbaa%AKJNxahv56t
Iraq,Ninawa,Mosul,Alhrmat%Y3muF60k86e
Iraq,Ninawa,Mosul,Al-Humaidat%Iv6elQdPAhK
Iraq,Ninawa,Mosul,Aljazeera%daA2BA5s6cC
Iraq,Ninawa,Mosul,Al-Kadasia%HK6I8YXSIhE
Iraq,Ninawa,Mosul,Al-Kuba%u5S2xLoDpaQ
Iraq,Ninawa,Mosul,Al-Ma`Mun%GEEPClKUpr5
Iraq,Ninawa,Mosul,Al-Maghrab%N2frHvBX7mI
Iraq,Ninawa,Mosul,Almalayeen%eS0weeelHQi
Iraq,Ninawa,Mosul,Al-Masarf%XizJahsQVf3
Iraq,Ninawa,Mosul,Al-Matahen%QV57cSKCiSE
Iraq,Ninawa,Mosul,Almnsoor%Fd21N0fVLKy
Iraq,Ninawa,Mosul,Almoaly%sptPzNfPYyZ
Iraq,Ninawa,Mosul,Almohalabya%gMzvHAT0mSF
Iraq,Ninawa,Mosul,Almshahda%N7exETgIzmu
Iraq,Ninawa,Mosul,Al-Mualamin%sHopjRx29bT
Iraq,Ninawa,Mosul,Almuhandseen%XGSWXSDCueS
Iraq,Ninawa,Mosul,Alngar%FKy6lM2vH9P
Iraq,Ninawa,Mosul,Alnuor%A4zNBtencXJ
Iraq,Ninawa,Mosul,Alobor%FgFmfrNissY
Iraq,Ninawa,Mosul,Alquds%lt1AHrX4jng
Iraq,Ninawa,Mosul,Al-Qyaraa%KFm73T99MgB
Iraq,Ninawa,Mosul,Alresala%PgPVaMYY1cp
Iraq,Ninawa,Mosul,Al-Rifa`I%vV64WvS9ncd
Iraq,Ninawa,Mosul,Al-Saaha%cKk2nUHyGex
Iraq,Ninawa,Mosul,Al-Sahaji%nfX08Gw4SCD
Iraq,Ninawa,Mosul,Al-Samah%HgNTgD8gpXs
Iraq,Ninawa,Mosul,Al-Sekak%fUxYAz7CpjX
Iraq,Ninawa,Mosul,Al-Shefaa%ysjcUa89By8
Iraq,Ninawa,Mosul,Alshohadaa%s3Dfx2tdfLz
Iraq,Ninawa,Mosul,Alshykhan%OX3dyjb1chY
Iraq,Ninawa,Mosul,Alsinaa Alkadema%gIygeDko9ZI
Iraq,Ninawa,Mosul,Alsmood%cfo0WLBqcS7
Iraq,Ninawa,Mosul,Al-Tahrer%Rtdo3b2qwxy
Iraq,Ninawa,Mosul,Al-Taiaran%B7Hf6HcBtfu
Iraq,Ninawa,Mosul,Altank%D9EKixGBm6v
Iraq,Ninawa,Mosul,Althoraa%ru1whe8p3Bz
Iraq,Ninawa,Mosul,Al-Wahdaa%Lc5220NF6US
Iraq,Ninawa,Mosul,Al-Warshan%Zs20dw9Fo11
Iraq,Ninawa,Mosul,Alyrmoq%z3dB3Maee18
Iraq,Ninawa,Mosul,Alzngly%NJiLkaPVNEj
Iraq,Ninawa,Mosul,Aski Mousl%ITftFwwN1fr
Iraq,Ninawa,Mosul,Auenat%sg9MZ5k14mU
Iraq,Ninawa,Mosul,Bab Al-Bead%yvrbY1sFy7n
Iraq,Ninawa,Mosul,Badush%VVc8aquY6Yu
Iraq,Ninawa,Mosul,Bartella%iKDzLg8FwNh
Iraq,Ninawa,Mosul,Basheeka%w4uSErOtBPF
Iraq,Ninawa,Mosul,Dohok%AwrDuZT6OQx
Iraq,Ninawa,Mosul,Gogjali%DJP6Fytw9sA
Iraq,Ninawa,Mosul,Hamaam Alaleel%MbYaM4Emh6M
Iraq,Ninawa,Mosul,Hawi Al-Kanisa%aLuYxKjmMxL
Iraq,Ninawa,Mosul,Mosul Algdida%shJP6igilem
Iraq,Ninawa,Mosul,Mosul Al-Kadema%wpiW4AApGsg
Iraq,Ninawa,Mosul,Msherfa%DkccS2DTLdq
Iraq,Ninawa,Mosul,Nablus%VGeUBJifSeL
Iraq,Ninawa,Mosul,Rabeaa%meOAqu5Xxe0
Iraq,Ninawa,Mosul,Ragm Hadid%X0hGV3zbmw2
Iraq,Ninawa,Mosul,Sadam%sQuOzRIXxqT
Iraq,Ninawa,Mosul,Sanjar%v92HVX9ptbb
Iraq,Ninawa,Mosul,Somer%Sb7CxzyTTXx
Iraq,Ninawa,Mosul,Sumeel%fAgBu9yWorm
Iraq,Ninawa,Mosul,Tal Abta%TAmdRClDOou
Iraq,Ninawa,Mosul,Tal Afer%hGJgRStDLKx
Iraq,Ninawa,Mosul,Tal Alroman%C8xMgODVDJI
Iraq,Ninawa,Mosul,Tal Keef%VpfSauMmllX
Iraq,Ninawa,Mosul,Tal Zalt%d0Ol25IGt3z
Iraq,Ninawa,Mosul,Tmooz%Rq7OITgRiTK
Iraq,Ninawa,Mosul,Twim & Mjarin%QqxYtt6LM37
Iraq,Ninawa,Mosul,Wady Alaen%AOBzfmwi7uA
Iraq,Ninawa,Mosul,Wady Hagr%AAwyiG28LUS
Iraq,Ninawa,Mosul,Zakho%LTSNRHJbhfH
Iraq,Ninawa,Mosul,Zumar%nP7vaffAdl8
Iraq,Ninawa,Akre,
Iraq,Ninawa,Al Ba'aj,
Iraq,Ninawa,Al Hamdaniyah,
Iraq,Ninawa,Al Shikhan,
Iraq,Ninawa,Hatra,
Iraq,Ninawa,Mosul,
Iraq,Ninawa,Shekhan,
Iraq,Ninawa,Sinjar,
Iraq,Ninawa,Talafar,
Iraq,Ninawa,Tilkef,
Iraq,Al-Anbar,,
Iraq,Al-Basrah,,
Iraq,Al-Muthannia,,
Iraq,Al-Qadisiyah,,
Iraq,An-Najaf,,
Iraq,Arbil,,
Iraq,As-Sulaymaniyah,,
Iraq,At-Ta'mim,,
Iraq,Babil,,
Iraq,Baghdad,,
Iraq,Dhi-Qar,,
Iraq,Dihok,,
Iraq,Diyala,,
Iraq,Karbala',,
Iraq,Maysan,,
Iraq,Sala ad-Din,,
Iraq,Wasit,,